OID,DATE,CUSTOMER_ID,AMOUNT
1,2024-01-01 00:00:00,140,4419
2,2024-01-01 01:00:00,246,883
3,2024-01-01 02:00:00,661,1049
4,2024-01-01 03:00:00,758,4039
5,2024-01-01 04:00:00,395,144
6,2024-01-01 05:00:00,487,1910
7,2024-01-01 06:00:00,476,4666
8,2024-01-01 07:00:00,517,2181
9,2024-01-01 08:00:00,977,3598
10,2024-01-01 09:00:00,184,929
11,2024-01-01 10:00:00,20,2009
12,2024-01-01 11:00:00,937,2681
13,2024-01-01 12:00:00,558,791
14,2024-01-01 13:00:00,524,4119
15,2024-01-01 14:00:00,582,1031
16,2024-01-01 15:00:00,529,3506
17,2024-01-01 16:00:00,883,247
18,2024-01-01 17:00:00,147,1132
19,2024-01-01 18:00:00,666,1411
20,2024-01-01 19:00:00,304,487
21,2024-01-01 20:00:00,620,3221
22,2024-01-01 21:00:00,748,1973
23,2024-01-01 22:00:00,820,3688
24,2024-01-01 23:00:00,864,1015
25,2024-01-02 00:00:00,582,1978
26,2024-01-02 01:00:00,695,3848
27,2024-01-02 02:00:00,762,377
28,2024-01-02 03:00:00,228,2077
29,2024-01-02 04:00:00,102,1959
30,2024-01-02 05:00:00,587,3136
31,2024-01-02 06:00:00,417,3471
32,2024-01-02 07:00:00,958,4813
33,2024-01-02 08:00:00,216,2282
34,2024-01-02 09:00:00,407,4775
35,2024-01-02 10:00:00,399,1270
36,2024-01-02 11:00:00,923,589
37,2024-01-02 12:00:00,715,2625
38,2024-01-02 13:00:00,704,1282
39,2024-01-02 14:00:00,761,4579
40,2024-01-02 15:00:00,499,4358
41,2024-01-02 16:00:00,754,2588
42,2024-01-02 17:00:00,465,1976
43,2024-01-02 18:00:00,691,2562
44,2024-01-02 19:00:00,949,1730
45,2024-01-02 20:00:00,974,387
46,2024-01-02 21:00:00,731,4382
47,2024-01-02 22:00:00,82,2007
48,2024-01-02 23:00:00,604,1261
49,2024-01-03 00:00:00,947,229
50,2024-01-03 01:00:00,687,2463
51,2024-01-03 02:00:00,751,243
52,2024-01-03 03:00:00,772,115
53,2024-01-03 04:00:00,903,344
54,2024-01-03 05:00:00,365,1026
55,2024-01-03 06:00:00,163,3278
56,2024-01-03 07:00:00,48,2276
57,2024-01-03 08:00:00,511,986
58,2024-01-03 09:00:00,329,440
59,2024-01-03 10:00:00,840,2151
60,2024-01-03 11:00:00,116,3498
61,2024-01-03 12:00:00,941,4050
62,2024-01-03 13:00:00,849,405
63,2024-01-03 14:00:00,337,1007
64,2024-01-03 15:00:00,881,2754
65,2024-01-03 16:00:00,737,3892
66,2024-01-03 17:00:00,864,4142
67,2024-01-03 18:00:00,840,1471
68,2024-01-03 19:00:00,147,420
69,2024-01-03 20:00:00,575,4754
70,2024-01-03 21:00:00,806,4159
71,2024-01-03 22:00:00,323,1231
72,2024-01-03 23:00:00,443,2678
73,2024-01-04 00:00:00,837,4142
74,2024-01-04 01:00:00,13,3467
75,2024-01-04 02:00:00,943,917
76,2024-01-04 03:00:00,494,111
77,2024-01-04 04:00:00,701,294
78,2024-01-04 05:00:00,287,2637
79,2024-01-04 06:00:00,720,2942
80,2024-01-04 07:00:00,114,2329
81,2024-01-04 08:00:00,480,3109
82,2024-01-04 09:00:00,22,4851
83,2024-01-04 10:00:00,349,2177
84,2024-01-04 11:00:00,726,3967
85,2024-01-04 12:00:00,683,4973
86,2024-01-04 13:00:00,835,543
87,2024-01-04 14:00:00,566,397
88,2024-01-04 15:00:00,906,944
89,2024-01-04 16:00:00,810,1115
90,2024-01-04 17:00:00,320,1484
91,2024-01-04 18:00:00,126,1497
92,2024-01-04 19:00:00,277,653
93,2024-01-04 20:00:00,976,2450
94,2024-01-04 21:00:00,204,4616
95,2024-01-04 22:00:00,194,1369
96,2024-01-04 23:00:00,681,1360
97,2024-01-05 00:00:00,664,284
98,2024-01-05 01:00:00,547,4663
99,2024-01-05 02:00:00,696,2510
100,2024-01-05 03:00:00,286,4531
101,2024-01-05 04:00:00,57,2309
102,2024-01-05 05:00:00,734,3772
103,2024-01-05 06:00:00,303,4783
104,2024-01-05 07:00:00,163,1981
105,2024-01-05 08:00:00,19,4396
106,2024-01-05 09:00:00,370,621
107,2024-01-05 10:00:00,264,1987
108,2024-01-05 11:00:00,794,2652
109,2024-01-05 12:00:00,113,3909
110,2024-01-05 13:00:00,488,4983
111,2024-01-05 14:00:00,327,4255
112,2024-01-05 15:00:00,542,4773
113,2024-01-05 16:00:00,647,4516
114,2024-01-05 17:00:00,579,3579
115,2024-01-05 18:00:00,65,1509
116,2024-01-05 19:00:00,292,1794
117,2024-01-05 20:00:00,25,4764
118,2024-01-05 21:00:00,549,626
119,2024-01-05 22:00:00,1,2760
120,2024-01-05 23:00:00,911,2272
121,2024-01-06 00:00:00,549,379
122,2024-01-06 01:00:00,141,3064
123,2024-01-06 02:00:00,744,4077
124,2024-01-06 03:00:00,648,2769
125,2024-01-06 04:00:00,901,2993
126,2024-01-06 05:00:00,188,1851
127,2024-01-06 06:00:00,128,4081
128,2024-01-06 07:00:00,201,4869
129,2024-01-06 08:00:00,127,2461
130,2024-01-06 09:00:00,257,4527
131,2024-01-06 10:00:00,676,4231
132,2024-01-06 11:00:00,547,1808
133,2024-01-06 12:00:00,194,2786
134,2024-01-06 13:00:00,703,2995
135,2024-01-06 14:00:00,104,4635
136,2024-01-06 15:00:00,535,2876
137,2024-01-06 16:00:00,265,1219
138,2024-01-06 17:00:00,802,3088
139,2024-01-06 18:00:00,942,4359
140,2024-01-06 19:00:00,974,4343
141,2024-01-06 20:00:00,384,294
142,2024-01-06 21:00:00,260,762
143,2024-01-06 22:00:00,414,579
144,2024-01-06 23:00:00,991,4318
145,2024-01-07 00:00:00,358,1523
146,2024-01-07 01:00:00,75,2808
147,2024-01-07 02:00:00,355,3275
148,2024-01-07 03:00:00,584,3914
149,2024-01-07 04:00:00,771,2114
150,2024-01-07 05:00:00,910,3889
151,2024-01-07 06:00:00,188,4905
152,2024-01-07 07:00:00,973,2543
153,2024-01-07 08:00:00,685,1011
154,2024-01-07 09:00:00,992,3313
155,2024-01-07 10:00:00,290,2464
156,2024-01-07 11:00:00,45,3729
157,2024-01-07 12:00:00,573,3572
158,2024-01-07 13:00:00,83,780
159,2024-01-07 14:00:00,123,4751
160,2024-01-07 15:00:00,358,709
161,2024-01-07 16:00:00,528,2256
162,2024-01-07 17:00:00,66,3966
163,2024-01-07 18:00:00,936,471
164,2024-01-07 19:00:00,657,715
165,2024-01-07 20:00:00,375,2353
166,2024-01-07 21:00:00,162,4238
167,2024-01-07 22:00:00,746,964
168,2024-01-07 23:00:00,380,1368
169,2024-01-08 00:00:00,656,884
170,2024-01-08 01:00:00,358,4671
171,2024-01-08 02:00:00,188,4278
172,2024-01-08 03:00:00,322,2337
173,2024-01-08 04:00:00,450,4154
174,2024-01-08 05:00:00,474,4995
175,2024-01-08 06:00:00,13,1035
176,2024-01-08 07:00:00,184,4080
177,2024-01-08 08:00:00,111,2438
178,2024-01-08 09:00:00,927,425
179,2024-01-08 10:00:00,508,1634
180,2024-01-08 11:00:00,290,3580
181,2024-01-08 12:00:00,295,3961
182,2024-01-08 13:00:00,451,2085
183,2024-01-08 14:00:00,904,4703
184,2024-01-08 15:00:00,215,2878
185,2024-01-08 16:00:00,974,1370
186,2024-01-08 17:00:00,632,740
187,2024-01-08 18:00:00,894,4803
188,2024-01-08 19:00:00,567,4178
189,2024-01-08 20:00:00,27,4761
190,2024-01-08 21:00:00,630,1467
191,2024-01-08 22:00:00,733,4142
192,2024-01-08 23:00:00,231,2675
193,2024-01-09 00:00:00,565,3703
194,2024-01-09 01:00:00,807,1681
195,2024-01-09 02:00:00,321,2086
196,2024-01-09 03:00:00,913,2340
197,2024-01-09 04:00:00,233,4066
198,2024-01-09 05:00:00,670,2205
199,2024-01-09 06:00:00,437,228
200,2024-01-09 07:00:00,781,4901
201,2024-01-09 08:00:00,533,4096
202,2024-01-09 09:00:00,403,951
203,2024-01-09 10:00:00,53,4203
204,2024-01-09 11:00:00,787,2176
205,2024-01-09 12:00:00,313,3094
206,2024-01-09 13:00:00,281,3844
207,2024-01-09 14:00:00,726,2856
208,2024-01-09 15:00:00,31,1744
209,2024-01-09 16:00:00,337,4471
210,2024-01-09 17:00:00,183,3244
211,2024-01-09 18:00:00,23,342
212,2024-01-09 19:00:00,544,4185
213,2024-01-09 20:00:00,446,270
214,2024-01-09 21:00:00,74,752
215,2024-01-09 22:00:00,10,3612
216,2024-01-09 23:00:00,484,1599
217,2024-01-10 00:00:00,456,2199
218,2024-01-10 01:00:00,566,2258
219,2024-01-10 02:00:00,564,2072
220,2024-01-10 03:00:00,660,4025
221,2024-01-10 04:00:00,160,2358
222,2024-01-10 05:00:00,882,4139
223,2024-01-10 06:00:00,14,2135
224,2024-01-10 07:00:00,178,3371
225,2024-01-10 08:00:00,412,957
226,2024-01-10 09:00:00,878,3923
227,2024-01-10 10:00:00,53,1149
228,2024-01-10 11:00:00,408,4090
229,2024-01-10 12:00:00,847,398
230,2024-01-10 13:00:00,22,1023
231,2024-01-10 14:00:00,30,4332
232,2024-01-10 15:00:00,703,4406
233,2024-01-10 16:00:00,260,2899
234,2024-01-10 17:00:00,205,4975
235,2024-01-10 18:00:00,59,4162
236,2024-01-10 19:00:00,471,4145
237,2024-01-10 20:00:00,776,1902
238,2024-01-10 21:00:00,466,2813
239,2024-01-10 22:00:00,12,4606
240,2024-01-10 23:00:00,631,2953
241,2024-01-11 00:00:00,927,2757
242,2024-01-11 01:00:00,974,4622
243,2024-01-11 02:00:00,290,3446
244,2024-01-11 03:00:00,850,1571
245,2024-01-11 04:00:00,760,3049
246,2024-01-11 05:00:00,354,1041
247,2024-01-11 06:00:00,639,2007
248,2024-01-11 07:00:00,75,4937
249,2024-01-11 08:00:00,873,1343
250,2024-01-11 09:00:00,716,4523
251,2024-01-11 10:00:00,561,1566
252,2024-01-11 11:00:00,591,4057
253,2024-01-11 12:00:00,441,2066
254,2024-01-11 13:00:00,991,475
255,2024-01-11 14:00:00,241,362
256,2024-01-11 15:00:00,861,4462
257,2024-01-11 16:00:00,154,3488
258,2024-01-11 17:00:00,786,3495
259,2024-01-11 18:00:00,96,2044
260,2024-01-11 19:00:00,726,1993
261,2024-01-11 20:00:00,294,3734
262,2024-01-11 21:00:00,209,1752
263,2024-01-11 22:00:00,343,4241
264,2024-01-11 23:00:00,88,3992
265,2024-01-12 00:00:00,818,699
266,2024-01-12 01:00:00,776,4915
267,2024-01-12 02:00:00,937,2012
268,2024-01-12 03:00:00,390,1392
269,2024-01-12 04:00:00,325,700
270,2024-01-12 05:00:00,940,480
271,2024-01-12 06:00:00,889,4313
272,2024-01-12 07:00:00,832,3737
273,2024-01-12 08:00:00,157,2263
274,2024-01-12 09:00:00,668,4455
275,2024-01-12 10:00:00,651,1198
276,2024-01-12 11:00:00,633,465
277,2024-01-12 12:00:00,577,2670
278,2024-01-12 13:00:00,619,3519
279,2024-01-12 14:00:00,659,2576
280,2024-01-12 15:00:00,137,890
281,2024-01-12 16:00:00,923,3669
282,2024-01-12 17:00:00,674,846
283,2024-01-12 18:00:00,428,412
284,2024-01-12 19:00:00,452,4733
285,2024-01-12 20:00:00,612,1020
286,2024-01-12 21:00:00,850,1177
287,2024-01-12 22:00:00,911,2929
288,2024-01-12 23:00:00,819,2481
289,2024-01-13 00:00:00,141,3718
290,2024-01-13 01:00:00,83,897
291,2024-01-13 02:00:00,177,4543
292,2024-01-13 03:00:00,198,372
293,2024-01-13 04:00:00,624,3110
294,2024-01-13 05:00:00,568,4915
295,2024-01-13 06:00:00,972,1873
296,2024-01-13 07:00:00,691,2647
297,2024-01-13 08:00:00,421,3264
298,2024-01-13 09:00:00,401,4880
299,2024-01-13 10:00:00,698,4817
300,2024-01-13 11:00:00,471,1046
301,2024-01-13 12:00:00,218,2765
302,2024-01-13 13:00:00,925,606
303,2024-01-13 14:00:00,929,343
304,2024-01-13 15:00:00,828,605
305,2024-01-13 16:00:00,987,4617
306,2024-01-13 17:00:00,729,3258
307,2024-01-13 18:00:00,632,3690
308,2024-01-13 19:00:00,951,1972
309,2024-01-13 20:00:00,906,3893
310,2024-01-13 21:00:00,175,1292
311,2024-01-13 22:00:00,23,4525
312,2024-01-13 23:00:00,725,4845
313,2024-01-14 00:00:00,917,1564
314,2024-01-14 01:00:00,235,490
315,2024-01-14 02:00:00,13,4576
316,2024-01-14 03:00:00,101,3477
317,2024-01-14 04:00:00,929,4937
318,2024-01-14 05:00:00,536,772
319,2024-01-14 06:00:00,876,2660
320,2024-01-14 07:00:00,523,1311
321,2024-01-14 08:00:00,785,1029
322,2024-01-14 09:00:00,452,1639
323,2024-01-14 10:00:00,431,1012
324,2024-01-14 11:00:00,793,743
325,2024-01-14 12:00:00,606,4622
326,2024-01-14 13:00:00,713,601
327,2024-01-14 14:00:00,533,829
328,2024-01-14 15:00:00,852,1383
329,2024-01-14 16:00:00,979,2218
330,2024-01-14 17:00:00,723,4652
331,2024-01-14 18:00:00,652,4486
332,2024-01-14 19:00:00,293,3936
333,2024-01-14 20:00:00,810,1019
334,2024-01-14 21:00:00,913,4150
335,2024-01-14 22:00:00,101,2439
336,2024-01-14 23:00:00,502,855
337,2024-01-15 00:00:00,304,1969
338,2024-01-15 01:00:00,871,4572
339,2024-01-15 02:00:00,540,607
340,2024-01-15 03:00:00,553,1536
341,2024-01-15 04:00:00,355,2675
342,2024-01-15 05:00:00,303,3526
343,2024-01-15 06:00:00,496,658
344,2024-01-15 07:00:00,658,3202
345,2024-01-15 08:00:00,768,4616
346,2024-01-15 09:00:00,974,3722
347,2024-01-15 10:00:00,227,4499
348,2024-01-15 11:00:00,236,4157
349,2024-01-15 12:00:00,873,3815
350,2024-01-15 13:00:00,892,1401
351,2024-01-15 14:00:00,455,2255
352,2024-01-15 15:00:00,13,792
353,2024-01-15 16:00:00,210,4450
354,2024-01-15 17:00:00,741,1578
355,2024-01-15 18:00:00,397,356
356,2024-01-15 19:00:00,100,2530
357,2024-01-15 20:00:00,31,541
358,2024-01-15 21:00:00,898,1981
359,2024-01-15 22:00:00,528,2746
360,2024-01-15 23:00:00,649,3920
361,2024-01-16 00:00:00,329,4777
362,2024-01-16 01:00:00,166,1835
363,2024-01-16 02:00:00,459,3835
364,2024-01-16 03:00:00,822,2745
365,2024-01-16 04:00:00,952,118
366,2024-01-16 05:00:00,982,1224
367,2024-01-16 06:00:00,993,4085
368,2024-01-16 07:00:00,100,2754
369,2024-01-16 08:00:00,621,2180
370,2024-01-16 09:00:00,855,1647
371,2024-01-16 10:00:00,173,961
372,2024-01-16 11:00:00,749,254
373,2024-01-16 12:00:00,162,3594
374,2024-01-16 13:00:00,905,1004
375,2024-01-16 14:00:00,728,1369
376,2024-01-16 15:00:00,776,504
377,2024-01-16 16:00:00,263,943
378,2024-01-16 17:00:00,804,1882
379,2024-01-16 18:00:00,274,1664
380,2024-01-16 19:00:00,3,1284
381,2024-01-16 20:00:00,28,846
382,2024-01-16 21:00:00,326,1825
383,2024-01-16 22:00:00,940,3288
384,2024-01-16 23:00:00,149,370
385,2024-01-17 00:00:00,540,4965
386,2024-01-17 01:00:00,488,4056
387,2024-01-17 02:00:00,822,271
388,2024-01-17 03:00:00,438,373
389,2024-01-17 04:00:00,65,2406
390,2024-01-17 05:00:00,356,1258
391,2024-01-17 06:00:00,533,1806
392,2024-01-17 07:00:00,252,1871
393,2024-01-17 08:00:00,235,521
394,2024-01-17 09:00:00,227,1309
395,2024-01-17 10:00:00,525,4775
396,2024-01-17 11:00:00,313,990
397,2024-01-17 12:00:00,49,4917
398,2024-01-17 13:00:00,118,3367
399,2024-01-17 14:00:00,54,1573
400,2024-01-17 15:00:00,650,3343
401,2024-01-17 16:00:00,565,4578
402,2024-01-17 17:00:00,44,2281
403,2024-01-17 18:00:00,815,1549
404,2024-01-17 19:00:00,53,3196
405,2024-01-17 20:00:00,586,3356
406,2024-01-17 21:00:00,558,3256
407,2024-01-17 22:00:00,525,1690
408,2024-01-17 23:00:00,677,4339
409,2024-01-18 00:00:00,102,4081
410,2024-01-18 01:00:00,792,1535
411,2024-01-18 02:00:00,770,323
412,2024-01-18 03:00:00,982,319
413,2024-01-18 04:00:00,849,4374
414,2024-01-18 05:00:00,868,1754
415,2024-01-18 06:00:00,398,4628
416,2024-01-18 07:00:00,138,364
417,2024-01-18 08:00:00,675,1053
418,2024-01-18 09:00:00,921,4624
419,2024-01-18 10:00:00,387,3833
420,2024-01-18 11:00:00,111,2874
421,2024-01-18 12:00:00,614,3224
422,2024-01-18 13:00:00,17,579
423,2024-01-18 14:00:00,780,3614
424,2024-01-18 15:00:00,182,1453
425,2024-01-18 16:00:00,884,3422
426,2024-01-18 17:00:00,536,3978
427,2024-01-18 18:00:00,541,989
428,2024-01-18 19:00:00,171,3954
429,2024-01-18 20:00:00,409,1024
430,2024-01-18 21:00:00,740,2270
431,2024-01-18 22:00:00,378,2002
432,2024-01-18 23:00:00,188,4973
433,2024-01-19 00:00:00,858,2495
434,2024-01-19 01:00:00,230,128
435,2024-01-19 02:00:00,833,134
436,2024-01-19 03:00:00,852,3689
437,2024-01-19 04:00:00,119,2770
438,2024-01-19 05:00:00,156,3465
439,2024-01-19 06:00:00,784,688
440,2024-01-19 07:00:00,687,3318
441,2024-01-19 08:00:00,465,3238
442,2024-01-19 09:00:00,104,1003
443,2024-01-19 10:00:00,604,4186
444,2024-01-19 11:00:00,698,2269
445,2024-01-19 12:00:00,972,439
446,2024-01-19 13:00:00,795,4370
447,2024-01-19 14:00:00,502,1814
448,2024-01-19 15:00:00,693,4792
449,2024-01-19 16:00:00,682,4646
450,2024-01-19 17:00:00,699,656
451,2024-01-19 18:00:00,175,3187
452,2024-01-19 19:00:00,734,3366
453,2024-01-19 20:00:00,745,3667
454,2024-01-19 21:00:00,674,2156
455,2024-01-19 22:00:00,421,3999
456,2024-01-19 23:00:00,134,1116
457,2024-01-20 00:00:00,391,2162
458,2024-01-20 01:00:00,992,938
459,2024-01-20 02:00:00,736,1737
460,2024-01-20 03:00:00,501,4421
461,2024-01-20 04:00:00,665,3596
462,2024-01-20 05:00:00,33,1913
463,2024-01-20 06:00:00,55,3579
464,2024-01-20 07:00:00,954,1551
465,2024-01-20 08:00:00,519,2413
466,2024-01-20 09:00:00,756,1614
467,2024-01-20 10:00:00,825,1331
468,2024-01-20 11:00:00,638,1745
469,2024-01-20 12:00:00,12,3099
470,2024-01-20 13:00:00,528,3540
471,2024-01-20 14:00:00,720,4156
472,2024-01-20 15:00:00,555,405
473,2024-01-20 16:00:00,373,3636
474,2024-01-20 17:00:00,484,1823
475,2024-01-20 18:00:00,973,1789
476,2024-01-20 19:00:00,647,1617
477,2024-01-20 20:00:00,228,4017
478,2024-01-20 21:00:00,623,519
479,2024-01-20 22:00:00,307,3036
480,2024-01-20 23:00:00,457,3962
481,2024-01-21 00:00:00,160,4329
482,2024-01-21 01:00:00,331,1550
483,2024-01-21 02:00:00,776,3196
484,2024-01-21 03:00:00,225,3361
485,2024-01-21 04:00:00,983,1264
486,2024-01-21 05:00:00,729,1969
487,2024-01-21 06:00:00,504,1919
488,2024-01-21 07:00:00,456,2805
489,2024-01-21 08:00:00,45,3615
490,2024-01-21 09:00:00,214,1442
491,2024-01-21 10:00:00,59,2326
492,2024-01-21 11:00:00,644,1179
493,2024-01-21 12:00:00,616,4306
494,2024-01-21 13:00:00,195,4663
495,2024-01-21 14:00:00,925,2879
496,2024-01-21 15:00:00,489,2628
497,2024-01-21 16:00:00,157,913
498,2024-01-21 17:00:00,610,2131
499,2024-01-21 18:00:00,226,422
500,2024-01-21 19:00:00,412,3069
501,2024-01-21 20:00:00,205,1003
502,2024-01-21 21:00:00,79,1641
503,2024-01-21 22:00:00,124,3603
504,2024-01-21 23:00:00,471,2753
505,2024-01-22 00:00:00,940,2576
506,2024-01-22 01:00:00,218,3440
507,2024-01-22 02:00:00,516,4343
508,2024-01-22 03:00:00,602,1241
509,2024-01-22 04:00:00,104,949
510,2024-01-22 05:00:00,393,466
511,2024-01-22 06:00:00,631,2997
512,2024-01-22 07:00:00,645,1189
513,2024-01-22 08:00:00,824,4141
514,2024-01-22 09:00:00,608,2138
515,2024-01-22 10:00:00,980,2960
516,2024-01-22 11:00:00,434,4370
517,2024-01-22 12:00:00,331,1954
518,2024-01-22 13:00:00,143,4783
519,2024-01-22 14:00:00,800,594
520,2024-01-22 15:00:00,540,3282
521,2024-01-22 16:00:00,278,1884
522,2024-01-22 17:00:00,233,3610
523,2024-01-22 18:00:00,529,3886
524,2024-01-22 19:00:00,571,4230
525,2024-01-22 20:00:00,90,1098
526,2024-01-22 21:00:00,492,4569
527,2024-01-22 22:00:00,199,1551
528,2024-01-22 23:00:00,362,1851
529,2024-01-23 00:00:00,441,2380
530,2024-01-23 01:00:00,26,4900
531,2024-01-23 02:00:00,25,4758
532,2024-01-23 03:00:00,394,3034
533,2024-01-23 04:00:00,507,3834
534,2024-01-23 05:00:00,301,3446
535,2024-01-23 06:00:00,339,1973
536,2024-01-23 07:00:00,267,4634
537,2024-01-23 08:00:00,461,3903
538,2024-01-23 09:00:00,693,2079
539,2024-01-23 10:00:00,456,798
540,2024-01-23 11:00:00,360,1412
541,2024-01-23 12:00:00,68,3062
542,2024-01-23 13:00:00,863,3038
543,2024-01-23 14:00:00,412,4887
544,2024-01-23 15:00:00,971,2400
545,2024-01-23 16:00:00,491,3297
546,2024-01-23 17:00:00,833,226
547,2024-01-23 18:00:00,49,1291
548,2024-01-23 19:00:00,687,2739
549,2024-01-23 20:00:00,564,4489
550,2024-01-23 21:00:00,102,4016
551,2024-01-23 22:00:00,216,1466
552,2024-01-23 23:00:00,438,1119
553,2024-01-24 00:00:00,700,4179
554,2024-01-24 01:00:00,569,4614
555,2024-01-24 02:00:00,559,4639
556,2024-01-24 03:00:00,159,784
557,2024-01-24 04:00:00,489,3729
558,2024-01-24 05:00:00,686,2987
559,2024-01-24 06:00:00,242,1562
560,2024-01-24 07:00:00,794,4186
561,2024-01-24 08:00:00,753,2361
562,2024-01-24 09:00:00,882,4280
563,2024-01-24 10:00:00,5,2941
564,2024-01-24 11:00:00,596,1867
565,2024-01-24 12:00:00,820,4280
566,2024-01-24 13:00:00,361,3660
567,2024-01-24 14:00:00,459,2212
568,2024-01-24 15:00:00,248,4858
569,2024-01-24 16:00:00,566,726
570,2024-01-24 17:00:00,673,4259
571,2024-01-24 18:00:00,946,3514
572,2024-01-24 19:00:00,422,1475
573,2024-01-24 20:00:00,923,1281
574,2024-01-24 21:00:00,738,590
575,2024-01-24 22:00:00,15,3829
576,2024-01-24 23:00:00,736,3634
577,2024-01-25 00:00:00,573,3396
578,2024-01-25 01:00:00,122,2040
579,2024-01-25 02:00:00,277,4508
580,2024-01-25 03:00:00,558,1982
581,2024-01-25 04:00:00,453,3087
582,2024-01-25 05:00:00,390,3259
583,2024-01-25 06:00:00,294,4875
584,2024-01-25 07:00:00,574,4630
585,2024-01-25 08:00:00,598,781
586,2024-01-25 09:00:00,446,1173
587,2024-01-25 10:00:00,210,2487
588,2024-01-25 11:00:00,590,2494
589,2024-01-25 12:00:00,714,2793
590,2024-01-25 13:00:00,302,1470
591,2024-01-25 14:00:00,909,4844
592,2024-01-25 15:00:00,223,4440
593,2024-01-25 16:00:00,734,2256
594,2024-01-25 17:00:00,3,2680
595,2024-01-25 18:00:00,990,4491
596,2024-01-25 19:00:00,518,2259
597,2024-01-25 20:00:00,93,3348
598,2024-01-25 21:00:00,520,3831
599,2024-01-25 22:00:00,428,3929
600,2024-01-25 23:00:00,493,1727
601,2024-01-26 00:00:00,235,3572
602,2024-01-26 01:00:00,620,127
603,2024-01-26 02:00:00,161,2085
604,2024-01-26 03:00:00,721,4253
605,2024-01-26 04:00:00,752,1621
606,2024-01-26 05:00:00,331,396
607,2024-01-26 06:00:00,333,2281
608,2024-01-26 07:00:00,50,3502
609,2024-01-26 08:00:00,523,2396
610,2024-01-26 09:00:00,863,2697
611,2024-01-26 10:00:00,668,1001
612,2024-01-26 11:00:00,492,1198
613,2024-01-26 12:00:00,582,1777
614,2024-01-26 13:00:00,681,2981
615,2024-01-26 14:00:00,272,4966
616,2024-01-26 15:00:00,580,1478
617,2024-01-26 16:00:00,867,1348
618,2024-01-26 17:00:00,252,3835
619,2024-01-26 18:00:00,560,4341
620,2024-01-26 19:00:00,696,1364
621,2024-01-26 20:00:00,832,2007
622,2024-01-26 21:00:00,699,1158
623,2024-01-26 22:00:00,90,2849
624,2024-01-26 23:00:00,446,2148
625,2024-01-27 00:00:00,332,4348
626,2024-01-27 01:00:00,139,2576
627,2024-01-27 02:00:00,357,4116
628,2024-01-27 03:00:00,601,4703
629,2024-01-27 04:00:00,274,3297
630,2024-01-27 05:00:00,19,4686
631,2024-01-27 06:00:00,983,3653
632,2024-01-27 07:00:00,311,4540
633,2024-01-27 08:00:00,870,1861
634,2024-01-27 09:00:00,886,320
635,2024-01-27 10:00:00,978,4918
636,2024-01-27 11:00:00,154,4723
637,2024-01-27 12:00:00,390,2988
638,2024-01-27 13:00:00,260,1764
639,2024-01-27 14:00:00,620,4086
640,2024-01-27 15:00:00,883,4676
641,2024-01-27 16:00:00,797,3077
642,2024-01-27 17:00:00,571,1971
643,2024-01-27 18:00:00,125,1562
644,2024-01-27 19:00:00,354,444
645,2024-01-27 20:00:00,273,144
646,2024-01-27 21:00:00,619,2168
647,2024-01-27 22:00:00,811,1614
648,2024-01-27 23:00:00,245,2698
649,2024-01-28 00:00:00,848,1101
650,2024-01-28 01:00:00,450,1133
651,2024-01-28 02:00:00,930,2140
652,2024-01-28 03:00:00,247,373
653,2024-01-28 04:00:00,520,2747
654,2024-01-28 05:00:00,141,1879
655,2024-01-28 06:00:00,362,4576
656,2024-01-28 07:00:00,8,578
657,2024-01-28 08:00:00,478,615
658,2024-01-28 09:00:00,352,4386
659,2024-01-28 10:00:00,996,1291
660,2024-01-28 11:00:00,495,2768
661,2024-01-28 12:00:00,606,1511
662,2024-01-28 13:00:00,833,3380
663,2024-01-28 14:00:00,427,371
664,2024-01-28 15:00:00,39,242
665,2024-01-28 16:00:00,593,3432
666,2024-01-28 17:00:00,187,887
667,2024-01-28 18:00:00,596,1781
668,2024-01-28 19:00:00,600,722
669,2024-01-28 20:00:00,754,3941
670,2024-01-28 21:00:00,854,3776
671,2024-01-28 22:00:00,93,2672
672,2024-01-28 23:00:00,86,3360
673,2024-01-29 00:00:00,44,4812
674,2024-01-29 01:00:00,137,166
675,2024-01-29 02:00:00,421,4386
676,2024-01-29 03:00:00,74,4716
677,2024-01-29 04:00:00,548,1240
678,2024-01-29 05:00:00,613,2414
679,2024-01-29 06:00:00,988,2632
680,2024-01-29 07:00:00,512,3680
681,2024-01-29 08:00:00,156,1287
682,2024-01-29 09:00:00,938,4571
683,2024-01-29 10:00:00,255,4848
684,2024-01-29 11:00:00,171,3439
685,2024-01-29 12:00:00,981,648
686,2024-01-29 13:00:00,728,4187
687,2024-01-29 14:00:00,170,172
688,2024-01-29 15:00:00,764,298
689,2024-01-29 16:00:00,872,3301
690,2024-01-29 17:00:00,322,1881
691,2024-01-29 18:00:00,567,671
692,2024-01-29 19:00:00,456,890
693,2024-01-29 20:00:00,944,1738
694,2024-01-29 21:00:00,603,1931
695,2024-01-29 22:00:00,790,1955
696,2024-01-29 23:00:00,613,1274
697,2024-01-30 00:00:00,155,3840
698,2024-01-30 01:00:00,889,3377
699,2024-01-30 02:00:00,349,278
700,2024-01-30 03:00:00,451,2344
701,2024-01-30 04:00:00,876,4186
702,2024-01-30 05:00:00,653,834
703,2024-01-30 06:00:00,173,898
704,2024-01-30 07:00:00,10,887
705,2024-01-30 08:00:00,740,2895
706,2024-01-30 09:00:00,265,4404
707,2024-01-30 10:00:00,438,4688
708,2024-01-30 11:00:00,760,3184
709,2024-01-30 12:00:00,247,3018
710,2024-01-30 13:00:00,667,831
711,2024-01-30 14:00:00,546,1229
712,2024-01-30 15:00:00,499,3546
713,2024-01-30 16:00:00,129,1705
714,2024-01-30 17:00:00,672,3878
715,2024-01-30 18:00:00,601,2845
716,2024-01-30 19:00:00,605,3270
717,2024-01-30 20:00:00,327,4789
718,2024-01-30 21:00:00,753,3033
719,2024-01-30 22:00:00,835,1315
720,2024-01-30 23:00:00,980,424
721,2024-01-31 00:00:00,404,1950
722,2024-01-31 01:00:00,629,1590
723,2024-01-31 02:00:00,606,993
724,2024-01-31 03:00:00,675,1490
725,2024-01-31 04:00:00,611,3489
726,2024-01-31 05:00:00,625,4339
727,2024-01-31 06:00:00,359,4579
728,2024-01-31 07:00:00,603,2363
729,2024-01-31 08:00:00,858,3532
730,2024-01-31 09:00:00,718,2471
731,2024-01-31 10:00:00,17,3186
732,2024-01-31 11:00:00,274,4412
733,2024-01-31 12:00:00,685,1615
734,2024-01-31 13:00:00,116,3017
735,2024-01-31 14:00:00,861,2452
736,2024-01-31 15:00:00,980,1267
737,2024-01-31 16:00:00,693,210
738,2024-01-31 17:00:00,91,4427
739,2024-01-31 18:00:00,82,3755
740,2024-01-31 19:00:00,324,3893
741,2024-01-31 20:00:00,961,1855
742,2024-01-31 21:00:00,114,1677
743,2024-01-31 22:00:00,769,1396
744,2024-01-31 23:00:00,58,3874
745,2024-02-01 00:00:00,154,2320
746,2024-02-01 01:00:00,877,1072
747,2024-02-01 02:00:00,404,1130
748,2024-02-01 03:00:00,628,2693
749,2024-02-01 04:00:00,855,4092
750,2024-02-01 05:00:00,266,4713
751,2024-02-01 06:00:00,315,1013
752,2024-02-01 07:00:00,715,2281
753,2024-02-01 08:00:00,41,3297
754,2024-02-01 09:00:00,105,1562
755,2024-02-01 10:00:00,901,2478
756,2024-02-01 11:00:00,890,3554
757,2024-02-01 12:00:00,193,3653
758,2024-02-01 13:00:00,401,1407
759,2024-02-01 14:00:00,278,1289
760,2024-02-01 15:00:00,354,787
761,2024-02-01 16:00:00,749,4761
762,2024-02-01 17:00:00,937,1307
763,2024-02-01 18:00:00,733,1994
764,2024-02-01 19:00:00,580,1911
765,2024-02-01 20:00:00,709,3283
766,2024-02-01 21:00:00,256,3897
767,2024-02-01 22:00:00,651,1744
768,2024-02-01 23:00:00,824,4068
769,2024-02-02 00:00:00,947,2816
770,2024-02-02 01:00:00,661,290
771,2024-02-02 02:00:00,99,1435
772,2024-02-02 03:00:00,588,4903
773,2024-02-02 04:00:00,282,3206
774,2024-02-02 05:00:00,883,478
775,2024-02-02 06:00:00,403,4582
776,2024-02-02 07:00:00,109,3929
777,2024-02-02 08:00:00,700,715
778,2024-02-02 09:00:00,199,2430
779,2024-02-02 10:00:00,303,1854
780,2024-02-02 11:00:00,327,563
781,2024-02-02 12:00:00,154,1066
782,2024-02-02 13:00:00,552,4367
783,2024-02-02 14:00:00,645,3258
784,2024-02-02 15:00:00,405,3724
785,2024-02-02 16:00:00,462,789
786,2024-02-02 17:00:00,132,2722
787,2024-02-02 18:00:00,791,2312
788,2024-02-02 19:00:00,874,482
789,2024-02-02 20:00:00,84,2356
790,2024-02-02 21:00:00,399,3910
791,2024-02-02 22:00:00,754,3603
792,2024-02-02 23:00:00,628,1512
793,2024-02-03 00:00:00,109,1683
794,2024-02-03 01:00:00,221,471
795,2024-02-03 02:00:00,904,710
796,2024-02-03 03:00:00,553,215
797,2024-02-03 04:00:00,368,546
798,2024-02-03 05:00:00,147,1491
799,2024-02-03 06:00:00,112,3424
800,2024-02-03 07:00:00,615,1440
801,2024-02-03 08:00:00,558,4610
802,2024-02-03 09:00:00,924,3039
803,2024-02-03 10:00:00,494,3799
804,2024-02-03 11:00:00,505,1173
805,2024-02-03 12:00:00,475,4913
806,2024-02-03 13:00:00,836,3669
807,2024-02-03 14:00:00,890,3250
808,2024-02-03 15:00:00,271,1705
809,2024-02-03 16:00:00,995,4757
810,2024-02-03 17:00:00,421,2394
811,2024-02-03 18:00:00,897,3762
812,2024-02-03 19:00:00,707,4582
813,2024-02-03 20:00:00,367,4897
814,2024-02-03 21:00:00,280,1083
815,2024-02-03 22:00:00,283,451
816,2024-02-03 23:00:00,40,1824
817,2024-02-04 00:00:00,959,2051
818,2024-02-04 01:00:00,189,1379
819,2024-02-04 02:00:00,164,2007
820,2024-02-04 03:00:00,994,4948
821,2024-02-04 04:00:00,989,1124
822,2024-02-04 05:00:00,536,645
823,2024-02-04 06:00:00,536,4274
824,2024-02-04 07:00:00,4,2481
825,2024-02-04 08:00:00,835,988
826,2024-02-04 09:00:00,290,1205
827,2024-02-04 10:00:00,953,2649
828,2024-02-04 11:00:00,433,2090
829,2024-02-04 12:00:00,471,4098
830,2024-02-04 13:00:00,181,3875
831,2024-02-04 14:00:00,248,2912
832,2024-02-04 15:00:00,628,1020
833,2024-02-04 16:00:00,279,4745
834,2024-02-04 17:00:00,877,2161
835,2024-02-04 18:00:00,581,4587
836,2024-02-04 19:00:00,863,3739
837,2024-02-04 20:00:00,254,3265
838,2024-02-04 21:00:00,181,4535
839,2024-02-04 22:00:00,830,2744
840,2024-02-04 23:00:00,681,4952
841,2024-02-05 00:00:00,825,1145
842,2024-02-05 01:00:00,509,3656
843,2024-02-05 02:00:00,761,2781
844,2024-02-05 03:00:00,700,3299
845,2024-02-05 04:00:00,566,1038
846,2024-02-05 05:00:00,326,541
847,2024-02-05 06:00:00,357,2650
848,2024-02-05 07:00:00,825,4325
849,2024-02-05 08:00:00,650,696
850,2024-02-05 09:00:00,680,1605
851,2024-02-05 10:00:00,391,961
852,2024-02-05 11:00:00,615,2740
853,2024-02-05 12:00:00,934,3831
854,2024-02-05 13:00:00,85,1651
855,2024-02-05 14:00:00,317,3336
856,2024-02-05 15:00:00,212,1836
857,2024-02-05 16:00:00,515,1549
858,2024-02-05 17:00:00,384,364
859,2024-02-05 18:00:00,691,2759
860,2024-02-05 19:00:00,342,2821
861,2024-02-05 20:00:00,815,1562
862,2024-02-05 21:00:00,964,4352
863,2024-02-05 22:00:00,988,1545
864,2024-02-05 23:00:00,844,2398
865,2024-02-06 00:00:00,38,3025
866,2024-02-06 01:00:00,511,1732
867,2024-02-06 02:00:00,420,2474
868,2024-02-06 03:00:00,751,612
869,2024-02-06 04:00:00,169,315
870,2024-02-06 05:00:00,965,3431
871,2024-02-06 06:00:00,909,2272
872,2024-02-06 07:00:00,343,3253
873,2024-02-06 08:00:00,826,1806
874,2024-02-06 09:00:00,306,2206
875,2024-02-06 10:00:00,542,1667
876,2024-02-06 11:00:00,702,2308
877,2024-02-06 12:00:00,869,2431
878,2024-02-06 13:00:00,537,2253
879,2024-02-06 14:00:00,112,1228
880,2024-02-06 15:00:00,411,3610
881,2024-02-06 16:00:00,947,4423
882,2024-02-06 17:00:00,206,3753
883,2024-02-06 18:00:00,185,2465
884,2024-02-06 19:00:00,382,4997
885,2024-02-06 20:00:00,496,3021
886,2024-02-06 21:00:00,379,4667
887,2024-02-06 22:00:00,47,1179
888,2024-02-06 23:00:00,886,3611
889,2024-02-07 00:00:00,740,2841
890,2024-02-07 01:00:00,551,3120
891,2024-02-07 02:00:00,528,328
892,2024-02-07 03:00:00,504,270
893,2024-02-07 04:00:00,22,394
894,2024-02-07 05:00:00,213,4384
895,2024-02-07 06:00:00,310,525
896,2024-02-07 07:00:00,661,1018
897,2024-02-07 08:00:00,968,3353
898,2024-02-07 09:00:00,753,598
899,2024-02-07 10:00:00,272,2909
900,2024-02-07 11:00:00,571,925
901,2024-02-07 12:00:00,799,3879
902,2024-02-07 13:00:00,938,1958
903,2024-02-07 14:00:00,202,2218
904,2024-02-07 15:00:00,32,245
905,2024-02-07 16:00:00,443,4665
906,2024-02-07 17:00:00,162,3677
907,2024-02-07 18:00:00,767,292
908,2024-02-07 19:00:00,254,3988
909,2024-02-07 20:00:00,521,151
910,2024-02-07 21:00:00,977,2510
911,2024-02-07 22:00:00,651,1920
912,2024-02-07 23:00:00,480,3064
913,2024-02-08 00:00:00,10,2621
914,2024-02-08 01:00:00,726,1969
915,2024-02-08 02:00:00,505,2668
916,2024-02-08 03:00:00,785,1967
917,2024-02-08 04:00:00,836,2838
918,2024-02-08 05:00:00,560,3369
919,2024-02-08 06:00:00,436,3299
920,2024-02-08 07:00:00,111,2679
921,2024-02-08 08:00:00,153,4105
922,2024-02-08 09:00:00,635,340
923,2024-02-08 10:00:00,917,3540
924,2024-02-08 11:00:00,869,4731
925,2024-02-08 12:00:00,102,1507
926,2024-02-08 13:00:00,753,3602
927,2024-02-08 14:00:00,833,4138
928,2024-02-08 15:00:00,191,182
929,2024-02-08 16:00:00,729,3868
930,2024-02-08 17:00:00,563,1050
931,2024-02-08 18:00:00,804,710
932,2024-02-08 19:00:00,81,4769
933,2024-02-08 20:00:00,489,3705
934,2024-02-08 21:00:00,895,4654
935,2024-02-08 22:00:00,88,3383
936,2024-02-08 23:00:00,194,2273
937,2024-02-09 00:00:00,104,3584
938,2024-02-09 01:00:00,783,1622
939,2024-02-09 02:00:00,96,2701
940,2024-02-09 03:00:00,423,2757
941,2024-02-09 04:00:00,891,2259
942,2024-02-09 05:00:00,198,2549
943,2024-02-09 06:00:00,1,3930
944,2024-02-09 07:00:00,407,221
945,2024-02-09 08:00:00,378,4468
946,2024-02-09 09:00:00,167,1417
947,2024-02-09 10:00:00,509,4593
948,2024-02-09 11:00:00,638,2618
949,2024-02-09 12:00:00,313,1330
950,2024-02-09 13:00:00,593,1233
951,2024-02-09 14:00:00,418,1401
952,2024-02-09 15:00:00,763,4134
953,2024-02-09 16:00:00,681,2010
954,2024-02-09 17:00:00,477,1605
955,2024-02-09 18:00:00,73,3285
956,2024-02-09 19:00:00,141,2016
957,2024-02-09 20:00:00,582,3648
958,2024-02-09 21:00:00,262,2857
959,2024-02-09 22:00:00,340,2056
960,2024-02-09 23:00:00,308,278
961,2024-02-10 00:00:00,245,996
962,2024-02-10 01:00:00,515,1651
963,2024-02-10 02:00:00,337,591
964,2024-02-10 03:00:00,575,160
965,2024-02-10 04:00:00,561,1177
966,2024-02-10 05:00:00,76,2995
967,2024-02-10 06:00:00,880,4260
968,2024-02-10 07:00:00,175,3783
969,2024-02-10 08:00:00,109,685
970,2024-02-10 09:00:00,183,4060
971,2024-02-10 10:00:00,192,3870
972,2024-02-10 11:00:00,65,634
973,2024-02-10 12:00:00,849,3562
974,2024-02-10 13:00:00,963,4111
975,2024-02-10 14:00:00,474,3498
976,2024-02-10 15:00:00,783,2255
977,2024-02-10 16:00:00,100,1104
978,2024-02-10 17:00:00,544,2599
979,2024-02-10 18:00:00,864,426
980,2024-02-10 19:00:00,128,4803
981,2024-02-10 20:00:00,452,2806
982,2024-02-10 21:00:00,914,101
983,2024-02-10 22:00:00,369,1133
984,2024-02-10 23:00:00,851,2581
985,2024-02-11 00:00:00,43,224
986,2024-02-11 01:00:00,884,1204
987,2024-02-11 02:00:00,419,2799
988,2024-02-11 03:00:00,488,1961
989,2024-02-11 04:00:00,78,3020
990,2024-02-11 05:00:00,826,228
991,2024-02-11 06:00:00,801,537
992,2024-02-11 07:00:00,270,4946
993,2024-02-11 08:00:00,674,2648
994,2024-02-11 09:00:00,701,3229
995,2024-02-11 10:00:00,759,1321
996,2024-02-11 11:00:00,900,1001
997,2024-02-11 12:00:00,728,3268
998,2024-02-11 13:00:00,315,4586
999,2024-02-11 14:00:00,925,4018
1000,2024-02-11 15:00:00,851,1167
1001,2024-02-11 16:00:00,902,126
1002,2024-02-11 17:00:00,889,647
1003,2024-02-11 18:00:00,993,2768
1004,2024-02-11 19:00:00,945,666
1005,2024-02-11 20:00:00,168,803
1006,2024-02-11 21:00:00,339,4380
1007,2024-02-11 22:00:00,193,3240
1008,2024-02-11 23:00:00,453,1690
1009,2024-02-12 00:00:00,283,4794
1010,2024-02-12 01:00:00,336,905
1011,2024-02-12 02:00:00,390,3891
1012,2024-02-12 03:00:00,1000,1457
1013,2024-02-12 04:00:00,525,3325
1014,2024-02-12 05:00:00,240,3718
1015,2024-02-12 06:00:00,832,2226
1016,2024-02-12 07:00:00,958,2560
1017,2024-02-12 08:00:00,483,645
1018,2024-02-12 09:00:00,659,2828
1019,2024-02-12 10:00:00,716,3834
1020,2024-02-12 11:00:00,592,2662
1021,2024-02-12 12:00:00,891,2179
1022,2024-02-12 13:00:00,555,2741
1023,2024-02-12 14:00:00,458,3214
1024,2024-02-12 15:00:00,89,2026
1025,2024-02-12 16:00:00,660,716
1026,2024-02-12 17:00:00,95,3744
1027,2024-02-12 18:00:00,452,1303
1028,2024-02-12 19:00:00,428,1859
1029,2024-02-12 20:00:00,151,2665
1030,2024-02-12 21:00:00,514,3274
1031,2024-02-12 22:00:00,376,3181
1032,2024-02-12 23:00:00,22,2730
1033,2024-02-13 00:00:00,883,3261
1034,2024-02-13 01:00:00,313,4421
1035,2024-02-13 02:00:00,997,769
1036,2024-02-13 03:00:00,840,3268
1037,2024-02-13 04:00:00,519,2221
1038,2024-02-13 05:00:00,206,4178
1039,2024-02-13 06:00:00,952,4251
1040,2024-02-13 07:00:00,375,819
1041,2024-02-13 08:00:00,451,2700
1042,2024-02-13 09:00:00,626,3698
1043,2024-02-13 10:00:00,784,4769
1044,2024-02-13 11:00:00,595,766
1045,2024-02-13 12:00:00,179,383
1046,2024-02-13 13:00:00,210,4003
1047,2024-02-13 14:00:00,500,3665
1048,2024-02-13 15:00:00,464,2334
1049,2024-02-13 16:00:00,840,4693
1050,2024-02-13 17:00:00,124,1565
1051,2024-02-13 18:00:00,993,229
1052,2024-02-13 19:00:00,113,4834
1053,2024-02-13 20:00:00,12,2160
1054,2024-02-13 21:00:00,126,3772
1055,2024-02-13 22:00:00,565,2594
1056,2024-02-13 23:00:00,331,1092
1057,2024-02-14 00:00:00,901,2221
1058,2024-02-14 01:00:00,283,2684
1059,2024-02-14 02:00:00,140,4296
1060,2024-02-14 03:00:00,401,2323
1061,2024-02-14 04:00:00,902,4622
1062,2024-02-14 05:00:00,97,3288
1063,2024-02-14 06:00:00,517,3337
1064,2024-02-14 07:00:00,569,4236
1065,2024-02-14 08:00:00,924,4624
1066,2024-02-14 09:00:00,846,443
1067,2024-02-14 10:00:00,69,4561
1068,2024-02-14 11:00:00,118,4804
1069,2024-02-14 12:00:00,888,4923
1070,2024-02-14 13:00:00,59,2376
1071,2024-02-14 14:00:00,33,3301
1072,2024-02-14 15:00:00,318,988
1073,2024-02-14 16:00:00,50,2143
1074,2024-02-14 17:00:00,880,1441
1075,2024-02-14 18:00:00,489,3820
1076,2024-02-14 19:00:00,19,2983
1077,2024-02-14 20:00:00,726,4312
1078,2024-02-14 21:00:00,197,2515
1079,2024-02-14 22:00:00,891,1217
1080,2024-02-14 23:00:00,450,4363
1081,2024-02-15 00:00:00,990,3101
1082,2024-02-15 01:00:00,559,1838
1083,2024-02-15 02:00:00,679,1464
1084,2024-02-15 03:00:00,452,2808
1085,2024-02-15 04:00:00,289,4890
1086,2024-02-15 05:00:00,141,1024
1087,2024-02-15 06:00:00,84,251
1088,2024-02-15 07:00:00,694,685
1089,2024-02-15 08:00:00,391,1012
1090,2024-02-15 09:00:00,591,2421
1091,2024-02-15 10:00:00,215,595
1092,2024-02-15 11:00:00,526,3895
1093,2024-02-15 12:00:00,215,2248
1094,2024-02-15 13:00:00,403,656
1095,2024-02-15 14:00:00,128,1652
1096,2024-02-15 15:00:00,822,2220
1097,2024-02-15 16:00:00,477,3185
1098,2024-02-15 17:00:00,760,3604
1099,2024-02-15 18:00:00,404,256
1100,2024-02-15 19:00:00,29,834
1101,2024-02-15 20:00:00,792,4754
1102,2024-02-15 21:00:00,338,3376
1103,2024-02-15 22:00:00,831,254
1104,2024-02-15 23:00:00,714,1096
1105,2024-02-16 00:00:00,361,2394
1106,2024-02-16 01:00:00,569,4726
1107,2024-02-16 02:00:00,392,3005
1108,2024-02-16 03:00:00,218,4924
1109,2024-02-16 04:00:00,574,1277
1110,2024-02-16 05:00:00,669,253
1111,2024-02-16 06:00:00,202,4287
1112,2024-02-16 07:00:00,17,1816
1113,2024-02-16 08:00:00,322,3302
1114,2024-02-16 09:00:00,518,2957
1115,2024-02-16 10:00:00,570,886
1116,2024-02-16 11:00:00,325,4468
1117,2024-02-16 12:00:00,412,4372
1118,2024-02-16 13:00:00,318,3867
1119,2024-02-16 14:00:00,681,2978
1120,2024-02-16 15:00:00,965,742
1121,2024-02-16 16:00:00,82,4762
1122,2024-02-16 17:00:00,474,765
1123,2024-02-16 18:00:00,468,3526
1124,2024-02-16 19:00:00,425,3883
1125,2024-02-16 20:00:00,945,3801
1126,2024-02-16 21:00:00,731,1169
1127,2024-02-16 22:00:00,689,2449
1128,2024-02-16 23:00:00,204,4603
1129,2024-02-17 00:00:00,583,1312
1130,2024-02-17 01:00:00,387,1252
1131,2024-02-17 02:00:00,778,2611
1132,2024-02-17 03:00:00,98,243
1133,2024-02-17 04:00:00,345,2589
1134,2024-02-17 05:00:00,803,3328
1135,2024-02-17 06:00:00,208,4682
1136,2024-02-17 07:00:00,514,3305
1137,2024-02-17 08:00:00,636,4343
1138,2024-02-17 09:00:00,792,3242
1139,2024-02-17 10:00:00,586,3404
1140,2024-02-17 11:00:00,166,1457
1141,2024-02-17 12:00:00,22,2813
1142,2024-02-17 13:00:00,154,4285
1143,2024-02-17 14:00:00,939,1457
1144,2024-02-17 15:00:00,439,4394
1145,2024-02-17 16:00:00,295,4733
1146,2024-02-17 17:00:00,219,3292
1147,2024-02-17 18:00:00,669,400
1148,2024-02-17 19:00:00,495,823
1149,2024-02-17 20:00:00,230,3110
1150,2024-02-17 21:00:00,20,167
1151,2024-02-17 22:00:00,987,3936
1152,2024-02-17 23:00:00,553,4093
1153,2024-02-18 00:00:00,950,2606
1154,2024-02-18 01:00:00,148,1637
1155,2024-02-18 02:00:00,108,497
1156,2024-02-18 03:00:00,403,4815
1157,2024-02-18 04:00:00,596,3457
1158,2024-02-18 05:00:00,483,1263
1159,2024-02-18 06:00:00,367,4925
1160,2024-02-18 07:00:00,834,655
1161,2024-02-18 08:00:00,414,3761
1162,2024-02-18 09:00:00,309,1851
1163,2024-02-18 10:00:00,802,3041
1164,2024-02-18 11:00:00,918,2757
1165,2024-02-18 12:00:00,835,2895
1166,2024-02-18 13:00:00,134,2429
1167,2024-02-18 14:00:00,719,2059
1168,2024-02-18 15:00:00,283,1701
1169,2024-02-18 16:00:00,778,2893
1170,2024-02-18 17:00:00,73,1580
1171,2024-02-18 18:00:00,481,1202
1172,2024-02-18 19:00:00,352,3376
1173,2024-02-18 20:00:00,560,1399
1174,2024-02-18 21:00:00,326,3979
1175,2024-02-18 22:00:00,745,1635
1176,2024-02-18 23:00:00,443,177
1177,2024-02-19 00:00:00,100,2931
1178,2024-02-19 01:00:00,59,3510
1179,2024-02-19 02:00:00,508,2821
1180,2024-02-19 03:00:00,258,3727
1181,2024-02-19 04:00:00,413,1632
1182,2024-02-19 05:00:00,452,337
1183,2024-02-19 06:00:00,65,2096
1184,2024-02-19 07:00:00,595,3527
1185,2024-02-19 08:00:00,154,377
1186,2024-02-19 09:00:00,985,3189
1187,2024-02-19 10:00:00,266,623
1188,2024-02-19 11:00:00,821,4375
1189,2024-02-19 12:00:00,79,4318
1190,2024-02-19 13:00:00,315,3222
1191,2024-02-19 14:00:00,662,4675
1192,2024-02-19 15:00:00,947,1897
1193,2024-02-19 16:00:00,560,2231
1194,2024-02-19 17:00:00,917,915
1195,2024-02-19 18:00:00,891,2794
1196,2024-02-19 19:00:00,248,542
1197,2024-02-19 20:00:00,790,3240
1198,2024-02-19 21:00:00,868,242
1199,2024-02-19 22:00:00,610,4387
1200,2024-02-19 23:00:00,414,1510
1201,2024-02-20 00:00:00,25,4573
1202,2024-02-20 01:00:00,284,634
1203,2024-02-20 02:00:00,449,1816
1204,2024-02-20 03:00:00,881,3464
1205,2024-02-20 04:00:00,301,1132
1206,2024-02-20 05:00:00,68,3442
1207,2024-02-20 06:00:00,7,1510
1208,2024-02-20 07:00:00,817,4600
1209,2024-02-20 08:00:00,137,1272
1210,2024-02-20 09:00:00,164,988
1211,2024-02-20 10:00:00,83,3438
1212,2024-02-20 11:00:00,897,4617
1213,2024-02-20 12:00:00,650,1741
1214,2024-02-20 13:00:00,420,571
1215,2024-02-20 14:00:00,73,3040
1216,2024-02-20 15:00:00,237,646
1217,2024-02-20 16:00:00,46,4826
1218,2024-02-20 17:00:00,618,3697
1219,2024-02-20 18:00:00,928,2925
1220,2024-02-20 19:00:00,800,3823
1221,2024-02-20 20:00:00,262,463
1222,2024-02-20 21:00:00,176,2266
1223,2024-02-20 22:00:00,166,3409
1224,2024-02-20 23:00:00,657,645
1225,2024-02-21 00:00:00,842,3340
1226,2024-02-21 01:00:00,370,4829
1227,2024-02-21 02:00:00,795,2036
1228,2024-02-21 03:00:00,54,1062
1229,2024-02-21 04:00:00,690,3105
1230,2024-02-21 05:00:00,419,3906
1231,2024-02-21 06:00:00,756,982
1232,2024-02-21 07:00:00,507,3940
1233,2024-02-21 08:00:00,341,970
1234,2024-02-21 09:00:00,127,4711
1235,2024-02-21 10:00:00,409,3085
1236,2024-02-21 11:00:00,924,965
1237,2024-02-21 12:00:00,367,4409
1238,2024-02-21 13:00:00,271,3303
1239,2024-02-21 14:00:00,644,2997
1240,2024-02-21 15:00:00,605,2344
1241,2024-02-21 16:00:00,379,118
1242,2024-02-21 17:00:00,73,741
1243,2024-02-21 18:00:00,923,3183
1244,2024-02-21 19:00:00,922,429
1245,2024-02-21 20:00:00,915,965
1246,2024-02-21 21:00:00,248,873
1247,2024-02-21 22:00:00,860,4587
1248,2024-02-21 23:00:00,785,4832
1249,2024-02-22 00:00:00,43,2454
1250,2024-02-22 01:00:00,377,3438
1251,2024-02-22 02:00:00,41,3618
1252,2024-02-22 03:00:00,170,3042
1253,2024-02-22 04:00:00,946,2667
1254,2024-02-22 05:00:00,212,1774
1255,2024-02-22 06:00:00,493,2783
1256,2024-02-22 07:00:00,680,3480
1257,2024-02-22 08:00:00,39,839
1258,2024-02-22 09:00:00,369,1645
1259,2024-02-22 10:00:00,757,4664
1260,2024-02-22 11:00:00,151,2359
1261,2024-02-22 12:00:00,111,1235
1262,2024-02-22 13:00:00,480,973
1263,2024-02-22 14:00:00,436,4655
1264,2024-02-22 15:00:00,47,2400
1265,2024-02-22 16:00:00,575,851
1266,2024-02-22 17:00:00,737,953
1267,2024-02-22 18:00:00,366,3832
1268,2024-02-22 19:00:00,69,2383
1269,2024-02-22 20:00:00,299,1429
1270,2024-02-22 21:00:00,944,577
1271,2024-02-22 22:00:00,802,2826
1272,2024-02-22 23:00:00,296,3191
1273,2024-02-23 00:00:00,203,4330
1274,2024-02-23 01:00:00,61,4605
1275,2024-02-23 02:00:00,946,1369
1276,2024-02-23 03:00:00,963,4281
1277,2024-02-23 04:00:00,830,2703
1278,2024-02-23 05:00:00,314,1569
1279,2024-02-23 06:00:00,161,477
1280,2024-02-23 07:00:00,331,1780
1281,2024-02-23 08:00:00,528,341
1282,2024-02-23 09:00:00,338,1019
1283,2024-02-23 10:00:00,606,169
1284,2024-02-23 11:00:00,304,4024
1285,2024-02-23 12:00:00,503,2186
1286,2024-02-23 13:00:00,650,2107
1287,2024-02-23 14:00:00,338,900
1288,2024-02-23 15:00:00,550,2879
1289,2024-02-23 16:00:00,639,855
1290,2024-02-23 17:00:00,275,2095
1291,2024-02-23 18:00:00,164,1421
1292,2024-02-23 19:00:00,443,2430
1293,2024-02-23 20:00:00,319,209
1294,2024-02-23 21:00:00,589,1116
1295,2024-02-23 22:00:00,504,3965
1296,2024-02-23 23:00:00,686,124
1297,2024-02-24 00:00:00,387,2938
1298,2024-02-24 01:00:00,970,837
1299,2024-02-24 02:00:00,870,279
1300,2024-02-24 03:00:00,833,331
1301,2024-02-24 04:00:00,888,2017
1302,2024-02-24 05:00:00,603,442
1303,2024-02-24 06:00:00,750,4672
1304,2024-02-24 07:00:00,776,2723
1305,2024-02-24 08:00:00,691,554
1306,2024-02-24 09:00:00,494,4484
1307,2024-02-24 10:00:00,490,4725
1308,2024-02-24 11:00:00,721,2376
1309,2024-02-24 12:00:00,73,695
1310,2024-02-24 13:00:00,509,3974
1311,2024-02-24 14:00:00,390,4630
1312,2024-02-24 15:00:00,619,4597
1313,2024-02-24 16:00:00,857,2769
1314,2024-02-24 17:00:00,295,2235
1315,2024-02-24 18:00:00,369,4064
1316,2024-02-24 19:00:00,956,1665
1317,2024-02-24 20:00:00,796,408
1318,2024-02-24 21:00:00,865,442
1319,2024-02-24 22:00:00,694,535
1320,2024-02-24 23:00:00,549,276
1321,2024-02-25 00:00:00,649,238
1322,2024-02-25 01:00:00,850,293
1323,2024-02-25 02:00:00,568,3357
1324,2024-02-25 03:00:00,187,3335
1325,2024-02-25 04:00:00,853,1042
1326,2024-02-25 05:00:00,770,4720
1327,2024-02-25 06:00:00,445,3979
1328,2024-02-25 07:00:00,570,3213
1329,2024-02-25 08:00:00,363,3062
1330,2024-02-25 09:00:00,123,4936
1331,2024-02-25 10:00:00,188,1053
1332,2024-02-25 11:00:00,742,1402
1333,2024-02-25 12:00:00,680,3481
1334,2024-02-25 13:00:00,420,2980
1335,2024-02-25 14:00:00,626,2287
1336,2024-02-25 15:00:00,252,4987
1337,2024-02-25 16:00:00,619,645
1338,2024-02-25 17:00:00,549,2027
1339,2024-02-25 18:00:00,335,4252
1340,2024-02-25 19:00:00,92,104
1341,2024-02-25 20:00:00,530,3581
1342,2024-02-25 21:00:00,866,3353
1343,2024-02-25 22:00:00,63,1462
1344,2024-02-25 23:00:00,662,1920
1345,2024-02-26 00:00:00,512,2763
1346,2024-02-26 01:00:00,139,3038
1347,2024-02-26 02:00:00,698,1373
1348,2024-02-26 03:00:00,185,3426
1349,2024-02-26 04:00:00,205,3759
1350,2024-02-26 05:00:00,772,3045
1351,2024-02-26 06:00:00,214,3118
1352,2024-02-26 07:00:00,256,1231
1353,2024-02-26 08:00:00,135,4863
1354,2024-02-26 09:00:00,573,2736
1355,2024-02-26 10:00:00,875,3129
1356,2024-02-26 11:00:00,822,3119
1357,2024-02-26 12:00:00,88,4477
1358,2024-02-26 13:00:00,836,3259
1359,2024-02-26 14:00:00,988,353
1360,2024-02-26 15:00:00,207,428
1361,2024-02-26 16:00:00,129,2691
1362,2024-02-26 17:00:00,823,2930
1363,2024-02-26 18:00:00,3,3144
1364,2024-02-26 19:00:00,974,1520
1365,2024-02-26 20:00:00,934,3501
1366,2024-02-26 21:00:00,754,2992
1367,2024-02-26 22:00:00,121,754
1368,2024-02-26 23:00:00,385,859
1369,2024-02-27 00:00:00,614,1898
1370,2024-02-27 01:00:00,38,3071
1371,2024-02-27 02:00:00,341,4611
1372,2024-02-27 03:00:00,925,3526
1373,2024-02-27 04:00:00,645,354
1374,2024-02-27 05:00:00,714,3923
1375,2024-02-27 06:00:00,860,1976
1376,2024-02-27 07:00:00,21,2857
1377,2024-02-27 08:00:00,242,2724
1378,2024-02-27 09:00:00,455,4221
1379,2024-02-27 10:00:00,963,3104
1380,2024-02-27 11:00:00,621,4616
1381,2024-02-27 12:00:00,303,3834
1382,2024-02-27 13:00:00,596,1344
1383,2024-02-27 14:00:00,595,1108
1384,2024-02-27 15:00:00,803,4414
1385,2024-02-27 16:00:00,964,1610
1386,2024-02-27 17:00:00,69,2059
1387,2024-02-27 18:00:00,129,2608
1388,2024-02-27 19:00:00,196,4858
1389,2024-02-27 20:00:00,140,2782
1390,2024-02-27 21:00:00,444,1089
1391,2024-02-27 22:00:00,283,4384
1392,2024-02-27 23:00:00,312,354
1393,2024-02-28 00:00:00,746,4263
1394,2024-02-28 01:00:00,535,4811
1395,2024-02-28 02:00:00,665,4552
1396,2024-02-28 03:00:00,277,355
1397,2024-02-28 04:00:00,61,1107
1398,2024-02-28 05:00:00,319,1855
1399,2024-02-28 06:00:00,890,2671
1400,2024-02-28 07:00:00,52,4008
1401,2024-02-28 08:00:00,856,3097
1402,2024-02-28 09:00:00,153,2903
1403,2024-02-28 10:00:00,749,3865
1404,2024-02-28 11:00:00,311,4479
1405,2024-02-28 12:00:00,814,3483
1406,2024-02-28 13:00:00,544,198
1407,2024-02-28 14:00:00,567,296
1408,2024-02-28 15:00:00,864,2629
1409,2024-02-28 16:00:00,389,977
1410,2024-02-28 17:00:00,548,1968
1411,2024-02-28 18:00:00,622,2765
1412,2024-02-28 19:00:00,177,1488
1413,2024-02-28 20:00:00,362,2515
1414,2024-02-28 21:00:00,314,669
1415,2024-02-28 22:00:00,807,2737
1416,2024-02-28 23:00:00,848,1165
1417,2024-02-29 00:00:00,97,521
1418,2024-02-29 01:00:00,881,2983
1419,2024-02-29 02:00:00,213,1304
1420,2024-02-29 03:00:00,829,644
1421,2024-02-29 04:00:00,137,4266
1422,2024-02-29 05:00:00,6,3739
1423,2024-02-29 06:00:00,109,1323
1424,2024-02-29 07:00:00,547,3272
1425,2024-02-29 08:00:00,39,867
1426,2024-02-29 09:00:00,662,3757
1427,2024-02-29 10:00:00,425,754
1428,2024-02-29 11:00:00,630,2546
1429,2024-02-29 12:00:00,261,320
1430,2024-02-29 13:00:00,426,3766
1431,2024-02-29 14:00:00,87,4377
1432,2024-02-29 15:00:00,465,4502
1433,2024-02-29 16:00:00,76,2669
1434,2024-02-29 17:00:00,471,1113
1435,2024-02-29 18:00:00,976,2151
1436,2024-02-29 19:00:00,963,4085
1437,2024-02-29 20:00:00,414,4999
1438,2024-02-29 21:00:00,825,4410
1439,2024-02-29 22:00:00,895,3119
1440,2024-02-29 23:00:00,726,3781
1441,2024-03-01 00:00:00,457,1543
1442,2024-03-01 01:00:00,285,4296
1443,2024-03-01 02:00:00,239,3110
1444,2024-03-01 03:00:00,677,672
1445,2024-03-01 04:00:00,599,1432
1446,2024-03-01 05:00:00,653,4853
1447,2024-03-01 06:00:00,672,4102
1448,2024-03-01 07:00:00,558,3234
1449,2024-03-01 08:00:00,372,4186
1450,2024-03-01 09:00:00,495,325
1451,2024-03-01 10:00:00,624,4300
1452,2024-03-01 11:00:00,919,2097
1453,2024-03-01 12:00:00,45,871
1454,2024-03-01 13:00:00,401,4624
1455,2024-03-01 14:00:00,247,533
1456,2024-03-01 15:00:00,616,3199
1457,2024-03-01 16:00:00,597,2829
1458,2024-03-01 17:00:00,450,3507
1459,2024-03-01 18:00:00,485,3240
1460,2024-03-01 19:00:00,646,965
1461,2024-03-01 20:00:00,620,2893
1462,2024-03-01 21:00:00,18,3011
1463,2024-03-01 22:00:00,606,2515
1464,2024-03-01 23:00:00,662,350
1465,2024-03-02 00:00:00,758,3857
1466,2024-03-02 01:00:00,289,4756
1467,2024-03-02 02:00:00,414,1018
1468,2024-03-02 03:00:00,721,1273
1469,2024-03-02 04:00:00,638,3303
1470,2024-03-02 05:00:00,235,532
1471,2024-03-02 06:00:00,416,935
1472,2024-03-02 07:00:00,938,2346
1473,2024-03-02 08:00:00,499,2362
1474,2024-03-02 09:00:00,974,997
1475,2024-03-02 10:00:00,634,3732
1476,2024-03-02 11:00:00,650,4667
1477,2024-03-02 12:00:00,115,3915
1478,2024-03-02 13:00:00,932,346
1479,2024-03-02 14:00:00,674,2529
1480,2024-03-02 15:00:00,713,1090
1481,2024-03-02 16:00:00,234,3410
1482,2024-03-02 17:00:00,540,1026
1483,2024-03-02 18:00:00,11,3538
1484,2024-03-02 19:00:00,206,2707
1485,2024-03-02 20:00:00,679,1174
1486,2024-03-02 21:00:00,247,4122
1487,2024-03-02 22:00:00,559,3899
1488,2024-03-02 23:00:00,758,4884
1489,2024-03-03 00:00:00,127,3251
1490,2024-03-03 01:00:00,147,3538
1491,2024-03-03 02:00:00,118,4673
1492,2024-03-03 03:00:00,911,3591
1493,2024-03-03 04:00:00,382,806
1494,2024-03-03 05:00:00,412,3164
1495,2024-03-03 06:00:00,664,853
1496,2024-03-03 07:00:00,584,687
1497,2024-03-03 08:00:00,363,1434
1498,2024-03-03 09:00:00,509,1947
1499,2024-03-03 10:00:00,137,4034
1500,2024-03-03 11:00:00,175,4026
1501,2024-03-03 12:00:00,289,3417
1502,2024-03-03 13:00:00,958,4120
1503,2024-03-03 14:00:00,481,3255
1504,2024-03-03 15:00:00,19,4402
1505,2024-03-03 16:00:00,195,2298
1506,2024-03-03 17:00:00,330,264
1507,2024-03-03 18:00:00,936,2098
1508,2024-03-03 19:00:00,175,3157
1509,2024-03-03 20:00:00,449,2184
1510,2024-03-03 21:00:00,925,4528
1511,2024-03-03 22:00:00,946,502
1512,2024-03-03 23:00:00,354,513
1513,2024-03-04 00:00:00,499,144
1514,2024-03-04 01:00:00,141,4257
1515,2024-03-04 02:00:00,758,2567
1516,2024-03-04 03:00:00,897,967
1517,2024-03-04 04:00:00,930,118
1518,2024-03-04 05:00:00,93,464
1519,2024-03-04 06:00:00,944,3932
1520,2024-03-04 07:00:00,239,679
1521,2024-03-04 08:00:00,205,645
1522,2024-03-04 09:00:00,560,4250
1523,2024-03-04 10:00:00,433,4973
1524,2024-03-04 11:00:00,245,3139
1525,2024-03-04 12:00:00,832,4237
1526,2024-03-04 13:00:00,317,4144
1527,2024-03-04 14:00:00,925,4426
1528,2024-03-04 15:00:00,295,552
1529,2024-03-04 16:00:00,640,4061
1530,2024-03-04 17:00:00,856,1481
1531,2024-03-04 18:00:00,282,1567
1532,2024-03-04 19:00:00,17,2838
1533,2024-03-04 20:00:00,71,1316
1534,2024-03-04 21:00:00,269,980
1535,2024-03-04 22:00:00,325,3914
1536,2024-03-04 23:00:00,794,3249
1537,2024-03-05 00:00:00,305,184
1538,2024-03-05 01:00:00,451,4244
1539,2024-03-05 02:00:00,7,1268
1540,2024-03-05 03:00:00,314,4264
1541,2024-03-05 04:00:00,817,3229
1542,2024-03-05 05:00:00,103,3745
1543,2024-03-05 06:00:00,821,2626
1544,2024-03-05 07:00:00,193,2967
1545,2024-03-05 08:00:00,753,3616
1546,2024-03-05 09:00:00,574,3467
1547,2024-03-05 10:00:00,529,2294
1548,2024-03-05 11:00:00,171,3655
1549,2024-03-05 12:00:00,537,545
1550,2024-03-05 13:00:00,251,3726
1551,2024-03-05 14:00:00,765,4116
1552,2024-03-05 15:00:00,387,3975
1553,2024-03-05 16:00:00,207,3437
1554,2024-03-05 17:00:00,541,361
1555,2024-03-05 18:00:00,629,1948
1556,2024-03-05 19:00:00,416,4125
1557,2024-03-05 20:00:00,794,2366
1558,2024-03-05 21:00:00,380,191
1559,2024-03-05 22:00:00,144,4322
1560,2024-03-05 23:00:00,25,4275
1561,2024-03-06 00:00:00,822,3409
1562,2024-03-06 01:00:00,668,1082
1563,2024-03-06 02:00:00,73,3543
1564,2024-03-06 03:00:00,632,2633
1565,2024-03-06 04:00:00,824,793
1566,2024-03-06 05:00:00,833,4220
1567,2024-03-06 06:00:00,93,255
1568,2024-03-06 07:00:00,505,3688
1569,2024-03-06 08:00:00,598,1912
1570,2024-03-06 09:00:00,336,4214
1571,2024-03-06 10:00:00,425,1507
1572,2024-03-06 11:00:00,499,1316
1573,2024-03-06 12:00:00,364,1510
1574,2024-03-06 13:00:00,947,3597
1575,2024-03-06 14:00:00,630,4472
1576,2024-03-06 15:00:00,745,4940
1577,2024-03-06 16:00:00,199,651
1578,2024-03-06 17:00:00,718,3494
1579,2024-03-06 18:00:00,413,1276
1580,2024-03-06 19:00:00,339,4834
1581,2024-03-06 20:00:00,659,4432
1582,2024-03-06 21:00:00,962,1097
1583,2024-03-06 22:00:00,937,4176
1584,2024-03-06 23:00:00,429,2831
1585,2024-03-07 00:00:00,783,4037
1586,2024-03-07 01:00:00,899,4152
1587,2024-03-07 02:00:00,139,472
1588,2024-03-07 03:00:00,693,2348
1589,2024-03-07 04:00:00,942,948
1590,2024-03-07 05:00:00,542,2656
1591,2024-03-07 06:00:00,57,2422
1592,2024-03-07 07:00:00,232,603
1593,2024-03-07 08:00:00,658,3289
1594,2024-03-07 09:00:00,435,802
1595,2024-03-07 10:00:00,384,3725
1596,2024-03-07 11:00:00,560,414
1597,2024-03-07 12:00:00,194,2476
1598,2024-03-07 13:00:00,736,1140
1599,2024-03-07 14:00:00,648,4478
1600,2024-03-07 15:00:00,534,3090
1601,2024-03-07 16:00:00,518,357
1602,2024-03-07 17:00:00,716,674
1603,2024-03-07 18:00:00,751,4769
1604,2024-03-07 19:00:00,185,1652
1605,2024-03-07 20:00:00,872,4618
1606,2024-03-07 21:00:00,292,857
1607,2024-03-07 22:00:00,335,2910
1608,2024-03-07 23:00:00,732,1204
1609,2024-03-08 00:00:00,116,4624
1610,2024-03-08 01:00:00,825,3559
1611,2024-03-08 02:00:00,49,4092
1612,2024-03-08 03:00:00,685,303
1613,2024-03-08 04:00:00,82,2875
1614,2024-03-08 05:00:00,834,2432
1615,2024-03-08 06:00:00,333,2092
1616,2024-03-08 07:00:00,557,2343
1617,2024-03-08 08:00:00,335,406
1618,2024-03-08 09:00:00,532,1787
1619,2024-03-08 10:00:00,960,4209
1620,2024-03-08 11:00:00,221,1960
1621,2024-03-08 12:00:00,635,2061
1622,2024-03-08 13:00:00,746,822
1623,2024-03-08 14:00:00,733,879
1624,2024-03-08 15:00:00,323,628
1625,2024-03-08 16:00:00,851,4993
1626,2024-03-08 17:00:00,3,443
1627,2024-03-08 18:00:00,694,3886
1628,2024-03-08 19:00:00,206,3782
1629,2024-03-08 20:00:00,832,308
1630,2024-03-08 21:00:00,40,4836
1631,2024-03-08 22:00:00,59,3506
1632,2024-03-08 23:00:00,951,1411
1633,2024-03-09 00:00:00,574,2399
1634,2024-03-09 01:00:00,644,3436
1635,2024-03-09 02:00:00,507,2047
1636,2024-03-09 03:00:00,572,1019
1637,2024-03-09 04:00:00,884,2144
1638,2024-03-09 05:00:00,843,518
1639,2024-03-09 06:00:00,122,1849
1640,2024-03-09 07:00:00,479,2942
1641,2024-03-09 08:00:00,619,1199
1642,2024-03-09 09:00:00,96,3492
1643,2024-03-09 10:00:00,859,2872
1644,2024-03-09 11:00:00,414,2580
1645,2024-03-09 12:00:00,235,1645
1646,2024-03-09 13:00:00,898,1170
1647,2024-03-09 14:00:00,62,1950
1648,2024-03-09 15:00:00,256,4298
1649,2024-03-09 16:00:00,561,3039
1650,2024-03-09 17:00:00,905,2003
1651,2024-03-09 18:00:00,348,778
1652,2024-03-09 19:00:00,671,1088
1653,2024-03-09 20:00:00,124,2575
1654,2024-03-09 21:00:00,482,1707
1655,2024-03-09 22:00:00,317,2969
1656,2024-03-09 23:00:00,504,1602
1657,2024-03-10 00:00:00,719,1889
1658,2024-03-10 01:00:00,48,1525
1659,2024-03-10 02:00:00,409,2540
1660,2024-03-10 03:00:00,932,2142
1661,2024-03-10 04:00:00,136,1378
1662,2024-03-10 05:00:00,201,2694
1663,2024-03-10 06:00:00,250,4789
1664,2024-03-10 07:00:00,314,2536
1665,2024-03-10 08:00:00,869,3903
1666,2024-03-10 09:00:00,368,2305
1667,2024-03-10 10:00:00,429,1127
1668,2024-03-10 11:00:00,830,3639
1669,2024-03-10 12:00:00,807,3583
1670,2024-03-10 13:00:00,480,2341
1671,2024-03-10 14:00:00,314,2865
1672,2024-03-10 15:00:00,500,1273
1673,2024-03-10 16:00:00,721,3330
1674,2024-03-10 17:00:00,355,3450
1675,2024-03-10 18:00:00,485,503
1676,2024-03-10 19:00:00,211,2825
1677,2024-03-10 20:00:00,704,3482
1678,2024-03-10 21:00:00,44,4263
1679,2024-03-10 22:00:00,541,187
1680,2024-03-10 23:00:00,571,1258
1681,2024-03-11 00:00:00,583,4373
1682,2024-03-11 01:00:00,92,2957
1683,2024-03-11 02:00:00,265,1481
1684,2024-03-11 03:00:00,895,4781
1685,2024-03-11 04:00:00,220,2164
1686,2024-03-11 05:00:00,902,2474
1687,2024-03-11 06:00:00,925,417
1688,2024-03-11 07:00:00,442,1602
1689,2024-03-11 08:00:00,401,2142
1690,2024-03-11 09:00:00,400,4698
1691,2024-03-11 10:00:00,727,2122
1692,2024-03-11 11:00:00,991,218
1693,2024-03-11 12:00:00,899,809
1694,2024-03-11 13:00:00,789,3657
1695,2024-03-11 14:00:00,576,4240
1696,2024-03-11 15:00:00,858,4509
1697,2024-03-11 16:00:00,804,3350
1698,2024-03-11 17:00:00,490,517
1699,2024-03-11 18:00:00,485,2703
1700,2024-03-11 19:00:00,757,3954
1701,2024-03-11 20:00:00,470,1201
1702,2024-03-11 21:00:00,574,4521
1703,2024-03-11 22:00:00,938,3528
1704,2024-03-11 23:00:00,844,2361
1705,2024-03-12 00:00:00,682,4269
1706,2024-03-12 01:00:00,445,3734
1707,2024-03-12 02:00:00,269,608
1708,2024-03-12 03:00:00,267,2479
1709,2024-03-12 04:00:00,54,3264
1710,2024-03-12 05:00:00,528,787
1711,2024-03-12 06:00:00,520,4852
1712,2024-03-12 07:00:00,616,1392
1713,2024-03-12 08:00:00,59,4005
1714,2024-03-12 09:00:00,825,3175
1715,2024-03-12 10:00:00,40,3309
1716,2024-03-12 11:00:00,237,424
1717,2024-03-12 12:00:00,955,2093
1718,2024-03-12 13:00:00,386,4076
1719,2024-03-12 14:00:00,606,4912
1720,2024-03-12 15:00:00,734,2870
1721,2024-03-12 16:00:00,716,4472
1722,2024-03-12 17:00:00,650,2683
1723,2024-03-12 18:00:00,300,3657
1724,2024-03-12 19:00:00,395,3687
1725,2024-03-12 20:00:00,207,251
1726,2024-03-12 21:00:00,336,1054
1727,2024-03-12 22:00:00,593,4454
1728,2024-03-12 23:00:00,730,2471
1729,2024-03-13 00:00:00,514,1291
1730,2024-03-13 01:00:00,178,787
1731,2024-03-13 02:00:00,396,409
1732,2024-03-13 03:00:00,371,1602
1733,2024-03-13 04:00:00,858,3227
1734,2024-03-13 05:00:00,791,4668
1735,2024-03-13 06:00:00,658,3467
1736,2024-03-13 07:00:00,318,3495
1737,2024-03-13 08:00:00,736,913
1738,2024-03-13 09:00:00,369,945
1739,2024-03-13 10:00:00,384,1264
1740,2024-03-13 11:00:00,62,4862
1741,2024-03-13 12:00:00,806,1867
1742,2024-03-13 13:00:00,505,454
1743,2024-03-13 14:00:00,239,1972
1744,2024-03-13 15:00:00,195,2124
1745,2024-03-13 16:00:00,678,2917
1746,2024-03-13 17:00:00,963,3932
1747,2024-03-13 18:00:00,222,4375
1748,2024-03-13 19:00:00,61,165
1749,2024-03-13 20:00:00,129,4366
1750,2024-03-13 21:00:00,990,4190
1751,2024-03-13 22:00:00,685,2621
1752,2024-03-13 23:00:00,992,2681
1753,2024-03-14 00:00:00,156,1490
1754,2024-03-14 01:00:00,917,1230
1755,2024-03-14 02:00:00,378,2586
1756,2024-03-14 03:00:00,622,934
1757,2024-03-14 04:00:00,781,326
1758,2024-03-14 05:00:00,923,3615
1759,2024-03-14 06:00:00,868,4637
1760,2024-03-14 07:00:00,903,2543
1761,2024-03-14 08:00:00,790,827
1762,2024-03-14 09:00:00,586,3786
1763,2024-03-14 10:00:00,999,3722
1764,2024-03-14 11:00:00,437,1136
1765,2024-03-14 12:00:00,975,1932
1766,2024-03-14 13:00:00,207,2840
1767,2024-03-14 14:00:00,388,592
1768,2024-03-14 15:00:00,480,1648
1769,2024-03-14 16:00:00,791,1243
1770,2024-03-14 17:00:00,887,4057
1771,2024-03-14 18:00:00,838,3507
1772,2024-03-14 19:00:00,984,739
1773,2024-03-14 20:00:00,340,272
1774,2024-03-14 21:00:00,869,4454
1775,2024-03-14 22:00:00,340,4059
1776,2024-03-14 23:00:00,204,616
1777,2024-03-15 00:00:00,161,622
1778,2024-03-15 01:00:00,540,2017
1779,2024-03-15 02:00:00,392,2986
1780,2024-03-15 03:00:00,769,2264
1781,2024-03-15 04:00:00,677,2029
1782,2024-03-15 05:00:00,575,4045
1783,2024-03-15 06:00:00,534,2309
1784,2024-03-15 07:00:00,70,3883
1785,2024-03-15 08:00:00,893,2690
1786,2024-03-15 09:00:00,405,4176
1787,2024-03-15 10:00:00,608,1193
1788,2024-03-15 11:00:00,675,3980
1789,2024-03-15 12:00:00,591,2594
1790,2024-03-15 13:00:00,517,2679
1791,2024-03-15 14:00:00,828,2588
1792,2024-03-15 15:00:00,120,2885
1793,2024-03-15 16:00:00,814,2858
1794,2024-03-15 17:00:00,690,1674
1795,2024-03-15 18:00:00,688,2473
1796,2024-03-15 19:00:00,902,4090
1797,2024-03-15 20:00:00,217,4945
1798,2024-03-15 21:00:00,56,1193
1799,2024-03-15 22:00:00,366,1289
1800,2024-03-15 23:00:00,699,2789
1801,2024-03-16 00:00:00,504,4195
1802,2024-03-16 01:00:00,744,1975
1803,2024-03-16 02:00:00,767,3506
1804,2024-03-16 03:00:00,925,1887
1805,2024-03-16 04:00:00,455,4032
1806,2024-03-16 05:00:00,104,1707
1807,2024-03-16 06:00:00,77,3848
1808,2024-03-16 07:00:00,230,148
1809,2024-03-16 08:00:00,914,3961
1810,2024-03-16 09:00:00,258,2280
1811,2024-03-16 10:00:00,264,3146
1812,2024-03-16 11:00:00,331,2933
1813,2024-03-16 12:00:00,993,1497
1814,2024-03-16 13:00:00,182,3926
1815,2024-03-16 14:00:00,893,4674
1816,2024-03-16 15:00:00,768,931
1817,2024-03-16 16:00:00,550,2797
1818,2024-03-16 17:00:00,688,4877
1819,2024-03-16 18:00:00,27,2835
1820,2024-03-16 19:00:00,276,181
1821,2024-03-16 20:00:00,652,186
1822,2024-03-16 21:00:00,299,2163
1823,2024-03-16 22:00:00,957,921
1824,2024-03-16 23:00:00,799,262
1825,2024-03-17 00:00:00,91,3839
1826,2024-03-17 01:00:00,480,2497
1827,2024-03-17 02:00:00,573,2032
1828,2024-03-17 03:00:00,458,2828
1829,2024-03-17 04:00:00,451,3635
1830,2024-03-17 05:00:00,365,3546
1831,2024-03-17 06:00:00,859,2890
1832,2024-03-17 07:00:00,675,2807
1833,2024-03-17 08:00:00,351,4033
1834,2024-03-17 09:00:00,655,3485
1835,2024-03-17 10:00:00,400,1022
1836,2024-03-17 11:00:00,253,2275
1837,2024-03-17 12:00:00,781,1682
1838,2024-03-17 13:00:00,881,664
1839,2024-03-17 14:00:00,803,3358
1840,2024-03-17 15:00:00,459,2697
1841,2024-03-17 16:00:00,699,2600
1842,2024-03-17 17:00:00,917,4666
1843,2024-03-17 18:00:00,499,1087
1844,2024-03-17 19:00:00,950,3736
1845,2024-03-17 20:00:00,971,323
1846,2024-03-17 21:00:00,926,450
1847,2024-03-17 22:00:00,508,2028
1848,2024-03-17 23:00:00,304,448
1849,2024-03-18 00:00:00,501,4377
1850,2024-03-18 01:00:00,803,4832
1851,2024-03-18 02:00:00,598,1117
1852,2024-03-18 03:00:00,166,2326
1853,2024-03-18 04:00:00,415,4967
1854,2024-03-18 05:00:00,462,4224
1855,2024-03-18 06:00:00,920,2519
1856,2024-03-18 07:00:00,114,1993
1857,2024-03-18 08:00:00,433,3140
1858,2024-03-18 09:00:00,992,2168
1859,2024-03-18 10:00:00,356,1225
1860,2024-03-18 11:00:00,928,3217
1861,2024-03-18 12:00:00,695,4261
1862,2024-03-18 13:00:00,207,4142
1863,2024-03-18 14:00:00,768,4533
1864,2024-03-18 15:00:00,235,2270
1865,2024-03-18 16:00:00,442,546
1866,2024-03-18 17:00:00,355,2758
1867,2024-03-18 18:00:00,515,3462
1868,2024-03-18 19:00:00,208,2818
1869,2024-03-18 20:00:00,709,3583
1870,2024-03-18 21:00:00,853,3044
1871,2024-03-18 22:00:00,125,4476
1872,2024-03-18 23:00:00,138,695
1873,2024-03-19 00:00:00,339,2086
1874,2024-03-19 01:00:00,537,2850
1875,2024-03-19 02:00:00,68,1174
1876,2024-03-19 03:00:00,573,4069
1877,2024-03-19 04:00:00,541,4405
1878,2024-03-19 05:00:00,383,4321
1879,2024-03-19 06:00:00,19,4687
1880,2024-03-19 07:00:00,683,3680
1881,2024-03-19 08:00:00,450,3107
1882,2024-03-19 09:00:00,74,1069
1883,2024-03-19 10:00:00,573,680
1884,2024-03-19 11:00:00,939,2924
1885,2024-03-19 12:00:00,665,4101
1886,2024-03-19 13:00:00,276,1311
1887,2024-03-19 14:00:00,48,329
1888,2024-03-19 15:00:00,211,4384
1889,2024-03-19 16:00:00,855,3285
1890,2024-03-19 17:00:00,920,601
1891,2024-03-19 18:00:00,651,2232
1892,2024-03-19 19:00:00,622,148
1893,2024-03-19 20:00:00,994,3666
1894,2024-03-19 21:00:00,695,3155
1895,2024-03-19 22:00:00,540,788
1896,2024-03-19 23:00:00,709,486
1897,2024-03-20 00:00:00,191,1069
1898,2024-03-20 01:00:00,315,3560
1899,2024-03-20 02:00:00,901,1105
1900,2024-03-20 03:00:00,563,3152
1901,2024-03-20 04:00:00,661,3517
1902,2024-03-20 05:00:00,780,2402
1903,2024-03-20 06:00:00,562,2383
1904,2024-03-20 07:00:00,900,1707
1905,2024-03-20 08:00:00,758,4466
1906,2024-03-20 09:00:00,113,222
1907,2024-03-20 10:00:00,170,1380
1908,2024-03-20 11:00:00,468,3827
1909,2024-03-20 12:00:00,678,358
1910,2024-03-20 13:00:00,921,1047
1911,2024-03-20 14:00:00,14,624
1912,2024-03-20 15:00:00,715,987
1913,2024-03-20 16:00:00,288,307
1914,2024-03-20 17:00:00,907,3482
1915,2024-03-20 18:00:00,189,2894
1916,2024-03-20 19:00:00,914,248
1917,2024-03-20 20:00:00,155,537
1918,2024-03-20 21:00:00,567,2302
1919,2024-03-20 22:00:00,694,3849
1920,2024-03-20 23:00:00,722,3261
1921,2024-03-21 00:00:00,888,4001
1922,2024-03-21 01:00:00,471,4553
1923,2024-03-21 02:00:00,75,3345
1924,2024-03-21 03:00:00,277,4651
1925,2024-03-21 04:00:00,940,2923
1926,2024-03-21 05:00:00,645,4824
1927,2024-03-21 06:00:00,343,3370
1928,2024-03-21 07:00:00,425,585
1929,2024-03-21 08:00:00,571,299
1930,2024-03-21 09:00:00,511,4566
1931,2024-03-21 10:00:00,857,2082
1932,2024-03-21 11:00:00,182,1571
1933,2024-03-21 12:00:00,458,4443
1934,2024-03-21 13:00:00,918,4983
1935,2024-03-21 14:00:00,851,2411
1936,2024-03-21 15:00:00,833,3473
1937,2024-03-21 16:00:00,64,2178
1938,2024-03-21 17:00:00,839,1621
1939,2024-03-21 18:00:00,260,704
1940,2024-03-21 19:00:00,193,3948
1941,2024-03-21 20:00:00,655,3442
1942,2024-03-21 21:00:00,616,1517
1943,2024-03-21 22:00:00,972,4697
1944,2024-03-21 23:00:00,406,3975
1945,2024-03-22 00:00:00,726,3033
1946,2024-03-22 01:00:00,754,648
1947,2024-03-22 02:00:00,943,938
1948,2024-03-22 03:00:00,721,3915
1949,2024-03-22 04:00:00,93,947
1950,2024-03-22 05:00:00,430,4809
1951,2024-03-22 06:00:00,654,4607
1952,2024-03-22 07:00:00,434,4873
1953,2024-03-22 08:00:00,404,4354
1954,2024-03-22 09:00:00,434,4568
1955,2024-03-22 10:00:00,112,2372
1956,2024-03-22 11:00:00,929,3420
1957,2024-03-22 12:00:00,375,2658
1958,2024-03-22 13:00:00,59,4798
1959,2024-03-22 14:00:00,43,4411
1960,2024-03-22 15:00:00,207,2096
1961,2024-03-22 16:00:00,780,3773
1962,2024-03-22 17:00:00,296,1664
1963,2024-03-22 18:00:00,118,4118
1964,2024-03-22 19:00:00,532,1940
1965,2024-03-22 20:00:00,222,3391
1966,2024-03-22 21:00:00,166,2987
1967,2024-03-22 22:00:00,643,826
1968,2024-03-22 23:00:00,156,1344
1969,2024-03-23 00:00:00,184,3560
1970,2024-03-23 01:00:00,90,3818
1971,2024-03-23 02:00:00,94,1165
1972,2024-03-23 03:00:00,13,4871
1973,2024-03-23 04:00:00,973,382
1974,2024-03-23 05:00:00,834,1181
1975,2024-03-23 06:00:00,805,3985
1976,2024-03-23 07:00:00,945,2981
1977,2024-03-23 08:00:00,742,2684
1978,2024-03-23 09:00:00,834,3070
1979,2024-03-23 10:00:00,804,1252
1980,2024-03-23 11:00:00,438,3597
1981,2024-03-23 12:00:00,538,1047
1982,2024-03-23 13:00:00,587,4860
1983,2024-03-23 14:00:00,968,1817
1984,2024-03-23 15:00:00,876,166
1985,2024-03-23 16:00:00,936,736
1986,2024-03-23 17:00:00,811,413
1987,2024-03-23 18:00:00,150,3497
1988,2024-03-23 19:00:00,660,664
1989,2024-03-23 20:00:00,8,1701
1990,2024-03-23 21:00:00,29,925
1991,2024-03-23 22:00:00,296,3770
1992,2024-03-23 23:00:00,986,1125
1993,2024-03-24 00:00:00,926,2351
1994,2024-03-24 01:00:00,721,4857
1995,2024-03-24 02:00:00,640,904
1996,2024-03-24 03:00:00,340,2551
1997,2024-03-24 04:00:00,628,4731
1998,2024-03-24 05:00:00,439,1491
1999,2024-03-24 06:00:00,144,1335
2000,2024-03-24 07:00:00,942,4132
2001,2024-03-24 08:00:00,830,3380
2002,2024-03-24 09:00:00,747,4823
2003,2024-03-24 10:00:00,519,4944
2004,2024-03-24 11:00:00,976,3649
2005,2024-03-24 12:00:00,45,4300
2006,2024-03-24 13:00:00,955,4241
2007,2024-03-24 14:00:00,239,1454
2008,2024-03-24 15:00:00,952,1936
2009,2024-03-24 16:00:00,944,2992
2010,2024-03-24 17:00:00,155,2596
2011,2024-03-24 18:00:00,181,2683
2012,2024-03-24 19:00:00,215,2658
2013,2024-03-24 20:00:00,88,3718
2014,2024-03-24 21:00:00,256,1659
2015,2024-03-24 22:00:00,511,1607
2016,2024-03-24 23:00:00,73,4171
2017,2024-03-25 00:00:00,931,2163
2018,2024-03-25 01:00:00,179,3742
2019,2024-03-25 02:00:00,212,2100
2020,2024-03-25 03:00:00,805,1394
2021,2024-03-25 04:00:00,234,4165
2022,2024-03-25 05:00:00,465,2852
2023,2024-03-25 06:00:00,751,1853
2024,2024-03-25 07:00:00,223,4310
2025,2024-03-25 08:00:00,631,1703
2026,2024-03-25 09:00:00,825,1422
2027,2024-03-25 10:00:00,264,2541
2028,2024-03-25 11:00:00,207,1198
2029,2024-03-25 12:00:00,607,1605
2030,2024-03-25 13:00:00,885,1226
2031,2024-03-25 14:00:00,734,396
2032,2024-03-25 15:00:00,366,3149
2033,2024-03-25 16:00:00,276,2325
2034,2024-03-25 17:00:00,380,4454
2035,2024-03-25 18:00:00,743,3887
2036,2024-03-25 19:00:00,309,2196
2037,2024-03-25 20:00:00,631,3709
2038,2024-03-25 21:00:00,268,2308
2039,2024-03-25 22:00:00,945,275
2040,2024-03-25 23:00:00,785,2602
2041,2024-03-26 00:00:00,64,4099
2042,2024-03-26 01:00:00,810,1767
2043,2024-03-26 02:00:00,350,4471
2044,2024-03-26 03:00:00,925,2645
2045,2024-03-26 04:00:00,915,775
2046,2024-03-26 05:00:00,494,1923
2047,2024-03-26 06:00:00,523,1456
2048,2024-03-26 07:00:00,98,3172
2049,2024-03-26 08:00:00,946,3359
2050,2024-03-26 09:00:00,71,646
2051,2024-03-26 10:00:00,364,2183
2052,2024-03-26 11:00:00,570,2140
2053,2024-03-26 12:00:00,802,4634
2054,2024-03-26 13:00:00,763,1852
2055,2024-03-26 14:00:00,276,1715
2056,2024-03-26 15:00:00,50,1949
2057,2024-03-26 16:00:00,358,2742
2058,2024-03-26 17:00:00,728,1700
2059,2024-03-26 18:00:00,906,3496
2060,2024-03-26 19:00:00,928,4502
2061,2024-03-26 20:00:00,564,3705
2062,2024-03-26 21:00:00,783,3899
2063,2024-03-26 22:00:00,485,718
2064,2024-03-26 23:00:00,84,1232
2065,2024-03-27 00:00:00,899,2215
2066,2024-03-27 01:00:00,805,2439
2067,2024-03-27 02:00:00,638,2839
2068,2024-03-27 03:00:00,808,4376
2069,2024-03-27 04:00:00,584,1587
2070,2024-03-27 05:00:00,296,1657
2071,2024-03-27 06:00:00,236,2213
2072,2024-03-27 07:00:00,56,1144
2073,2024-03-27 08:00:00,919,2531
2074,2024-03-27 09:00:00,360,1682
2075,2024-03-27 10:00:00,907,1408
2076,2024-03-27 11:00:00,110,701
2077,2024-03-27 12:00:00,192,1720
2078,2024-03-27 13:00:00,904,4980
2079,2024-03-27 14:00:00,93,4866
2080,2024-03-27 15:00:00,862,200
2081,2024-03-27 16:00:00,568,4371
2082,2024-03-27 17:00:00,60,337
2083,2024-03-27 18:00:00,650,4125
2084,2024-03-27 19:00:00,39,3018
2085,2024-03-27 20:00:00,540,2642
2086,2024-03-27 21:00:00,49,2103
2087,2024-03-27 22:00:00,420,1637
2088,2024-03-27 23:00:00,637,854
2089,2024-03-28 00:00:00,13,3468
2090,2024-03-28 01:00:00,992,2358
2091,2024-03-28 02:00:00,36,3765
2092,2024-03-28 03:00:00,101,4335
2093,2024-03-28 04:00:00,794,640
2094,2024-03-28 05:00:00,86,369
2095,2024-03-28 06:00:00,516,3560
2096,2024-03-28 07:00:00,223,3508
2097,2024-03-28 08:00:00,338,605
2098,2024-03-28 09:00:00,960,1229
2099,2024-03-28 10:00:00,166,2179
2100,2024-03-28 11:00:00,383,3245
2101,2024-03-28 12:00:00,856,3342
2102,2024-03-28 13:00:00,895,461
2103,2024-03-28 14:00:00,376,3820
2104,2024-03-28 15:00:00,471,1556
2105,2024-03-28 16:00:00,790,4167
2106,2024-03-28 17:00:00,642,4295
2107,2024-03-28 18:00:00,31,1781
2108,2024-03-28 19:00:00,375,1152
2109,2024-03-28 20:00:00,11,2609
2110,2024-03-28 21:00:00,988,4827
2111,2024-03-28 22:00:00,302,781
2112,2024-03-28 23:00:00,96,4032
2113,2024-03-29 00:00:00,190,2229
2114,2024-03-29 01:00:00,453,4949
2115,2024-03-29 02:00:00,192,4116
2116,2024-03-29 03:00:00,486,3402
2117,2024-03-29 04:00:00,266,819
2118,2024-03-29 05:00:00,424,174
2119,2024-03-29 06:00:00,128,1393
2120,2024-03-29 07:00:00,238,2022
2121,2024-03-29 08:00:00,920,4257
2122,2024-03-29 09:00:00,355,419
2123,2024-03-29 10:00:00,940,2249
2124,2024-03-29 11:00:00,112,1552
2125,2024-03-29 12:00:00,828,1655
2126,2024-03-29 13:00:00,446,4307
2127,2024-03-29 14:00:00,343,3132
2128,2024-03-29 15:00:00,145,560
2129,2024-03-29 16:00:00,65,986
2130,2024-03-29 17:00:00,247,3633
2131,2024-03-29 18:00:00,735,4036
2132,2024-03-29 19:00:00,991,1215
2133,2024-03-29 20:00:00,490,1175
2134,2024-03-29 21:00:00,825,3976
2135,2024-03-29 22:00:00,439,4715
2136,2024-03-29 23:00:00,106,2024
2137,2024-03-30 00:00:00,181,1026
2138,2024-03-30 01:00:00,184,4752
2139,2024-03-30 02:00:00,226,2381
2140,2024-03-30 03:00:00,777,1155
2141,2024-03-30 04:00:00,790,4774
2142,2024-03-30 05:00:00,909,641
2143,2024-03-30 06:00:00,89,2261
2144,2024-03-30 07:00:00,688,2351
2145,2024-03-30 08:00:00,530,1152
2146,2024-03-30 09:00:00,371,4669
2147,2024-03-30 10:00:00,972,2844
2148,2024-03-30 11:00:00,936,3969
2149,2024-03-30 12:00:00,913,4581
2150,2024-03-30 13:00:00,399,4257
2151,2024-03-30 14:00:00,106,4710
2152,2024-03-30 15:00:00,271,4625
2153,2024-03-30 16:00:00,975,4775
2154,2024-03-30 17:00:00,831,1660
2155,2024-03-30 18:00:00,503,3862
2156,2024-03-30 19:00:00,679,1264
2157,2024-03-30 20:00:00,525,2822
2158,2024-03-30 21:00:00,849,2458
2159,2024-03-30 22:00:00,32,570
2160,2024-03-30 23:00:00,393,1516
2161,2024-03-31 00:00:00,40,1568
2162,2024-03-31 01:00:00,660,908
2163,2024-03-31 02:00:00,218,271
2164,2024-03-31 03:00:00,731,4226
2165,2024-03-31 04:00:00,981,4242
2166,2024-03-31 05:00:00,82,4325
2167,2024-03-31 06:00:00,845,2499
2168,2024-03-31 07:00:00,720,1745
2169,2024-03-31 08:00:00,201,157
2170,2024-03-31 09:00:00,447,1229
2171,2024-03-31 10:00:00,844,1453
2172,2024-03-31 11:00:00,428,867
2173,2024-03-31 12:00:00,38,3995
2174,2024-03-31 13:00:00,211,782
2175,2024-03-31 14:00:00,444,3554
2176,2024-03-31 15:00:00,327,2108
2177,2024-03-31 16:00:00,761,3242
2178,2024-03-31 17:00:00,227,1890
2179,2024-03-31 18:00:00,48,1577
2180,2024-03-31 19:00:00,18,985
2181,2024-03-31 20:00:00,912,4006
2182,2024-03-31 21:00:00,439,4592
2183,2024-03-31 22:00:00,807,1638
2184,2024-03-31 23:00:00,708,2173
2185,2024-04-01 00:00:00,187,412
2186,2024-04-01 01:00:00,345,910
2187,2024-04-01 02:00:00,224,2335
2188,2024-04-01 03:00:00,830,2957
2189,2024-04-01 04:00:00,488,2863
2190,2024-04-01 05:00:00,909,2132
2191,2024-04-01 06:00:00,877,1607
2192,2024-04-01 07:00:00,849,4645
2193,2024-04-01 08:00:00,229,2670
2194,2024-04-01 09:00:00,390,1994
2195,2024-04-01 10:00:00,979,2805
2196,2024-04-01 11:00:00,589,696
2197,2024-04-01 12:00:00,188,2247
2198,2024-04-01 13:00:00,858,715
2199,2024-04-01 14:00:00,270,1047
2200,2024-04-01 15:00:00,607,4751
2201,2024-04-01 16:00:00,310,4473
2202,2024-04-01 17:00:00,132,3864
2203,2024-04-01 18:00:00,551,2113
2204,2024-04-01 19:00:00,72,3797
2205,2024-04-01 20:00:00,793,590
2206,2024-04-01 21:00:00,845,4450
2207,2024-04-01 22:00:00,672,2528
2208,2024-04-01 23:00:00,187,641
2209,2024-04-02 00:00:00,486,1387
2210,2024-04-02 01:00:00,191,1733
2211,2024-04-02 02:00:00,422,3026
2212,2024-04-02 03:00:00,120,1452
2213,2024-04-02 04:00:00,220,4476
2214,2024-04-02 05:00:00,53,1398
2215,2024-04-02 06:00:00,734,4968
2216,2024-04-02 07:00:00,451,4067
2217,2024-04-02 08:00:00,412,4523
2218,2024-04-02 09:00:00,643,2358
2219,2024-04-02 10:00:00,237,4747
2220,2024-04-02 11:00:00,758,2173
2221,2024-04-02 12:00:00,738,801
2222,2024-04-02 13:00:00,720,2019
2223,2024-04-02 14:00:00,406,2560
2224,2024-04-02 15:00:00,608,4362
2225,2024-04-02 16:00:00,422,4364
2226,2024-04-02 17:00:00,712,4424
2227,2024-04-02 18:00:00,247,466
2228,2024-04-02 19:00:00,72,627
2229,2024-04-02 20:00:00,830,4986
2230,2024-04-02 21:00:00,185,3818
2231,2024-04-02 22:00:00,6,3709
2232,2024-04-02 23:00:00,206,4035
2233,2024-04-03 00:00:00,544,4719
2234,2024-04-03 01:00:00,611,2253
2235,2024-04-03 02:00:00,906,2008
2236,2024-04-03 03:00:00,387,3112
2237,2024-04-03 04:00:00,768,4328
2238,2024-04-03 05:00:00,699,3122
2239,2024-04-03 06:00:00,76,3583
2240,2024-04-03 07:00:00,177,2820
2241,2024-04-03 08:00:00,827,1870
2242,2024-04-03 09:00:00,799,4213
2243,2024-04-03 10:00:00,349,1877
2244,2024-04-03 11:00:00,255,4312
2245,2024-04-03 12:00:00,837,897
2246,2024-04-03 13:00:00,702,3315
2247,2024-04-03 14:00:00,308,3888
2248,2024-04-03 15:00:00,345,3076
2249,2024-04-03 16:00:00,127,3837
2250,2024-04-03 17:00:00,937,1811
2251,2024-04-03 18:00:00,287,852
2252,2024-04-03 19:00:00,766,2569
2253,2024-04-03 20:00:00,725,4069
2254,2024-04-03 21:00:00,762,1492
2255,2024-04-03 22:00:00,596,2705
2256,2024-04-03 23:00:00,487,777
2257,2024-04-04 00:00:00,383,205
2258,2024-04-04 01:00:00,406,3387
2259,2024-04-04 02:00:00,388,4853
2260,2024-04-04 03:00:00,525,2046
2261,2024-04-04 04:00:00,557,1195
2262,2024-04-04 05:00:00,639,1882
2263,2024-04-04 06:00:00,938,4641
2264,2024-04-04 07:00:00,626,3357
2265,2024-04-04 08:00:00,945,2097
2266,2024-04-04 09:00:00,276,4969
2267,2024-04-04 10:00:00,500,1661
2268,2024-04-04 11:00:00,717,4106
2269,2024-04-04 12:00:00,337,1775
2270,2024-04-04 13:00:00,950,1222
2271,2024-04-04 14:00:00,932,4081
2272,2024-04-04 15:00:00,481,1401
2273,2024-04-04 16:00:00,897,1043
2274,2024-04-04 17:00:00,911,4650
2275,2024-04-04 18:00:00,973,1045
2276,2024-04-04 19:00:00,273,700
2277,2024-04-04 20:00:00,920,2800
2278,2024-04-04 21:00:00,58,4920
2279,2024-04-04 22:00:00,328,1517
2280,2024-04-04 23:00:00,731,1624
2281,2024-04-05 00:00:00,109,3866
2282,2024-04-05 01:00:00,279,350
2283,2024-04-05 02:00:00,686,1644
2284,2024-04-05 03:00:00,328,178
2285,2024-04-05 04:00:00,776,3223
2286,2024-04-05 05:00:00,315,997
2287,2024-04-05 06:00:00,474,4976
2288,2024-04-05 07:00:00,111,325
2289,2024-04-05 08:00:00,699,1309
2290,2024-04-05 09:00:00,781,4998
2291,2024-04-05 10:00:00,935,4937
2292,2024-04-05 11:00:00,229,2278
2293,2024-04-05 12:00:00,497,2779
2294,2024-04-05 13:00:00,156,2985
2295,2024-04-05 14:00:00,473,2906
2296,2024-04-05 15:00:00,701,803
2297,2024-04-05 16:00:00,272,2644
2298,2024-04-05 17:00:00,887,2470
2299,2024-04-05 18:00:00,2,3381
2300,2024-04-05 19:00:00,758,4810
2301,2024-04-05 20:00:00,722,428
2302,2024-04-05 21:00:00,511,4328
2303,2024-04-05 22:00:00,913,220
2304,2024-04-05 23:00:00,286,1064
2305,2024-04-06 00:00:00,871,4324
2306,2024-04-06 01:00:00,13,3775
2307,2024-04-06 02:00:00,608,2176
2308,2024-04-06 03:00:00,498,432
2309,2024-04-06 04:00:00,733,3468
2310,2024-04-06 05:00:00,238,1416
2311,2024-04-06 06:00:00,94,1296
2312,2024-04-06 07:00:00,338,3270
2313,2024-04-06 08:00:00,781,1529
2314,2024-04-06 09:00:00,171,455
2315,2024-04-06 10:00:00,981,4334
2316,2024-04-06 11:00:00,606,1626
2317,2024-04-06 12:00:00,661,3997
2318,2024-04-06 13:00:00,624,128
2319,2024-04-06 14:00:00,567,1113
2320,2024-04-06 15:00:00,849,2802
2321,2024-04-06 16:00:00,936,927
2322,2024-04-06 17:00:00,467,4546
2323,2024-04-06 18:00:00,628,2124
2324,2024-04-06 19:00:00,143,398
2325,2024-04-06 20:00:00,201,1965
2326,2024-04-06 21:00:00,180,4116
2327,2024-04-06 22:00:00,714,2211
2328,2024-04-06 23:00:00,364,854
2329,2024-04-07 00:00:00,479,869
2330,2024-04-07 01:00:00,565,3835
2331,2024-04-07 02:00:00,471,1338
2332,2024-04-07 03:00:00,384,2313
2333,2024-04-07 04:00:00,692,2006
2334,2024-04-07 05:00:00,926,1664
2335,2024-04-07 06:00:00,417,1318
2336,2024-04-07 07:00:00,825,4701
2337,2024-04-07 08:00:00,308,1457
2338,2024-04-07 09:00:00,649,3939
2339,2024-04-07 10:00:00,694,1560
2340,2024-04-07 11:00:00,367,4085
2341,2024-04-07 12:00:00,1,1516
2342,2024-04-07 13:00:00,44,2953
2343,2024-04-07 14:00:00,739,4956
2344,2024-04-07 15:00:00,843,1528
2345,2024-04-07 16:00:00,98,4478
2346,2024-04-07 17:00:00,720,4574
2347,2024-04-07 18:00:00,265,4393
2348,2024-04-07 19:00:00,800,3162
2349,2024-04-07 20:00:00,783,3171
2350,2024-04-07 21:00:00,140,655
2351,2024-04-07 22:00:00,481,455
2352,2024-04-07 23:00:00,237,1663
2353,2024-04-08 00:00:00,974,3600
2354,2024-04-08 01:00:00,953,1140
2355,2024-04-08 02:00:00,904,2786
2356,2024-04-08 03:00:00,72,4574
2357,2024-04-08 04:00:00,667,4875
2358,2024-04-08 05:00:00,190,2653
2359,2024-04-08 06:00:00,268,1879
2360,2024-04-08 07:00:00,321,175
2361,2024-04-08 08:00:00,107,4426
2362,2024-04-08 09:00:00,232,3419
2363,2024-04-08 10:00:00,42,2449
2364,2024-04-08 11:00:00,702,2873
2365,2024-04-08 12:00:00,883,2362
2366,2024-04-08 13:00:00,139,3329
2367,2024-04-08 14:00:00,615,2216
2368,2024-04-08 15:00:00,683,492
2369,2024-04-08 16:00:00,863,1208
2370,2024-04-08 17:00:00,273,4462
2371,2024-04-08 18:00:00,481,710
2372,2024-04-08 19:00:00,416,2875
2373,2024-04-08 20:00:00,506,4098
2374,2024-04-08 21:00:00,733,772
2375,2024-04-08 22:00:00,725,3777
2376,2024-04-08 23:00:00,853,130
2377,2024-04-09 00:00:00,424,1500
2378,2024-04-09 01:00:00,407,4171
2379,2024-04-09 02:00:00,568,716
2380,2024-04-09 03:00:00,390,4734
2381,2024-04-09 04:00:00,342,2886
2382,2024-04-09 05:00:00,946,970
2383,2024-04-09 06:00:00,614,4296
2384,2024-04-09 07:00:00,933,3704
2385,2024-04-09 08:00:00,493,1512
2386,2024-04-09 09:00:00,192,2839
2387,2024-04-09 10:00:00,499,1040
2388,2024-04-09 11:00:00,822,440
2389,2024-04-09 12:00:00,712,3008
2390,2024-04-09 13:00:00,233,4233
2391,2024-04-09 14:00:00,945,759
2392,2024-04-09 15:00:00,227,2133
2393,2024-04-09 16:00:00,371,1660
2394,2024-04-09 17:00:00,139,3557
2395,2024-04-09 18:00:00,856,1756
2396,2024-04-09 19:00:00,817,3075
2397,2024-04-09 20:00:00,149,1149
2398,2024-04-09 21:00:00,115,553
2399,2024-04-09 22:00:00,450,1804
2400,2024-04-09 23:00:00,63,2884
2401,2024-04-10 00:00:00,104,918
2402,2024-04-10 01:00:00,851,4968
2403,2024-04-10 02:00:00,871,112
2404,2024-04-10 03:00:00,668,4079
2405,2024-04-10 04:00:00,273,1020
2406,2024-04-10 05:00:00,6,2518
2407,2024-04-10 06:00:00,147,1414
2408,2024-04-10 07:00:00,184,3777
2409,2024-04-10 08:00:00,998,2117
2410,2024-04-10 09:00:00,28,1328
2411,2024-04-10 10:00:00,962,4892
2412,2024-04-10 11:00:00,550,2534
2413,2024-04-10 12:00:00,119,2968
2414,2024-04-10 13:00:00,293,2615
2415,2024-04-10 14:00:00,371,1538
2416,2024-04-10 15:00:00,244,4264
2417,2024-04-10 16:00:00,580,3643
2418,2024-04-10 17:00:00,726,3275
2419,2024-04-10 18:00:00,218,1881
2420,2024-04-10 19:00:00,177,2363
2421,2024-04-10 20:00:00,299,2069
2422,2024-04-10 21:00:00,676,311
2423,2024-04-10 22:00:00,58,607
2424,2024-04-10 23:00:00,269,431
2425,2024-04-11 00:00:00,308,650
2426,2024-04-11 01:00:00,570,1041
2427,2024-04-11 02:00:00,288,827
2428,2024-04-11 03:00:00,977,2962
2429,2024-04-11 04:00:00,105,3343
2430,2024-04-11 05:00:00,228,748
2431,2024-04-11 06:00:00,247,2837
2432,2024-04-11 07:00:00,700,2847
2433,2024-04-11 08:00:00,494,1109
2434,2024-04-11 09:00:00,83,1650
2435,2024-04-11 10:00:00,186,903
2436,2024-04-11 11:00:00,252,4180
2437,2024-04-11 12:00:00,355,4409
2438,2024-04-11 13:00:00,750,4364
2439,2024-04-11 14:00:00,872,3501
2440,2024-04-11 15:00:00,696,4341
2441,2024-04-11 16:00:00,796,4711
2442,2024-04-11 17:00:00,897,3261
2443,2024-04-11 18:00:00,938,4648
2444,2024-04-11 19:00:00,210,4255
2445,2024-04-11 20:00:00,816,627
2446,2024-04-11 21:00:00,808,3398
2447,2024-04-11 22:00:00,609,1123
2448,2024-04-11 23:00:00,447,3834
2449,2024-04-12 00:00:00,460,532
2450,2024-04-12 01:00:00,968,1276
2451,2024-04-12 02:00:00,472,500
2452,2024-04-12 03:00:00,720,2204
2453,2024-04-12 04:00:00,370,3150
2454,2024-04-12 05:00:00,900,2333
2455,2024-04-12 06:00:00,934,2545
2456,2024-04-12 07:00:00,492,4800
2457,2024-04-12 08:00:00,923,2935
2458,2024-04-12 09:00:00,137,2613
2459,2024-04-12 10:00:00,367,1873
2460,2024-04-12 11:00:00,912,1196
2461,2024-04-12 12:00:00,184,1028
2462,2024-04-12 13:00:00,588,2051
2463,2024-04-12 14:00:00,287,2073
2464,2024-04-12 15:00:00,472,1654
2465,2024-04-12 16:00:00,375,2878
2466,2024-04-12 17:00:00,654,4521
2467,2024-04-12 18:00:00,749,1094
2468,2024-04-12 19:00:00,537,712
2469,2024-04-12 20:00:00,511,2693
2470,2024-04-12 21:00:00,802,695
2471,2024-04-12 22:00:00,579,941
2472,2024-04-12 23:00:00,250,4539
2473,2024-04-13 00:00:00,920,958
2474,2024-04-13 01:00:00,510,544
2475,2024-04-13 02:00:00,630,1888
2476,2024-04-13 03:00:00,73,4417
2477,2024-04-13 04:00:00,282,3554
2478,2024-04-13 05:00:00,916,4052
2479,2024-04-13 06:00:00,960,4787
2480,2024-04-13 07:00:00,360,1130
2481,2024-04-13 08:00:00,10,1395
2482,2024-04-13 09:00:00,211,2163
2483,2024-04-13 10:00:00,835,1547
2484,2024-04-13 11:00:00,152,2145
2485,2024-04-13 12:00:00,5,4719
2486,2024-04-13 13:00:00,195,2950
2487,2024-04-13 14:00:00,954,3924
2488,2024-04-13 15:00:00,283,2168
2489,2024-04-13 16:00:00,464,3861
2490,2024-04-13 17:00:00,113,2375
2491,2024-04-13 18:00:00,271,1908
2492,2024-04-13 19:00:00,163,1411
2493,2024-04-13 20:00:00,460,4155
2494,2024-04-13 21:00:00,105,2551
2495,2024-04-13 22:00:00,693,1189
2496,2024-04-13 23:00:00,556,1772
2497,2024-04-14 00:00:00,282,3775
2498,2024-04-14 01:00:00,687,4632
2499,2024-04-14 02:00:00,162,4454
2500,2024-04-14 03:00:00,983,2103
2501,2024-04-14 04:00:00,351,4298
2502,2024-04-14 05:00:00,434,4964
2503,2024-04-14 06:00:00,852,1224
2504,2024-04-14 07:00:00,140,1321
2505,2024-04-14 08:00:00,471,2960
2506,2024-04-14 09:00:00,132,2373
2507,2024-04-14 10:00:00,87,3090
2508,2024-04-14 11:00:00,688,2610
2509,2024-04-14 12:00:00,183,336
2510,2024-04-14 13:00:00,368,1244
2511,2024-04-14 14:00:00,129,3353
2512,2024-04-14 15:00:00,246,3882
2513,2024-04-14 16:00:00,601,866
2514,2024-04-14 17:00:00,578,2781
2515,2024-04-14 18:00:00,670,2765
2516,2024-04-14 19:00:00,899,1859
2517,2024-04-14 20:00:00,378,3591
2518,2024-04-14 21:00:00,149,2915
2519,2024-04-14 22:00:00,985,3613
2520,2024-04-14 23:00:00,852,595
2521,2024-04-15 00:00:00,433,3280
2522,2024-04-15 01:00:00,628,4030
2523,2024-04-15 02:00:00,726,2172
2524,2024-04-15 03:00:00,469,437
2525,2024-04-15 04:00:00,446,4049
2526,2024-04-15 05:00:00,481,3208
2527,2024-04-15 06:00:00,884,1917
2528,2024-04-15 07:00:00,294,236
2529,2024-04-15 08:00:00,765,2655
2530,2024-04-15 09:00:00,143,4515
2531,2024-04-15 10:00:00,250,1015
2532,2024-04-15 11:00:00,878,3638
2533,2024-04-15 12:00:00,948,2200
2534,2024-04-15 13:00:00,975,3007
2535,2024-04-15 14:00:00,302,3014
2536,2024-04-15 15:00:00,25,2082
2537,2024-04-15 16:00:00,789,3970
2538,2024-04-15 17:00:00,984,4628
2539,2024-04-15 18:00:00,889,3667
2540,2024-04-15 19:00:00,890,1098
2541,2024-04-15 20:00:00,901,2247
2542,2024-04-15 21:00:00,70,4794
2543,2024-04-15 22:00:00,625,495
2544,2024-04-15 23:00:00,875,3698
2545,2024-04-16 00:00:00,112,4610
2546,2024-04-16 01:00:00,364,1038
2547,2024-04-16 02:00:00,303,1736
2548,2024-04-16 03:00:00,471,2824
2549,2024-04-16 04:00:00,964,2610
2550,2024-04-16 05:00:00,91,4736
2551,2024-04-16 06:00:00,530,1749
2552,2024-04-16 07:00:00,661,3790
2553,2024-04-16 08:00:00,988,3535
2554,2024-04-16 09:00:00,739,3301
2555,2024-04-16 10:00:00,726,4279
2556,2024-04-16 11:00:00,872,4466
2557,2024-04-16 12:00:00,663,2391
2558,2024-04-16 13:00:00,192,4583
2559,2024-04-16 14:00:00,963,313
2560,2024-04-16 15:00:00,552,3337
2561,2024-04-16 16:00:00,242,3962
2562,2024-04-16 17:00:00,138,158
2563,2024-04-16 18:00:00,345,3030
2564,2024-04-16 19:00:00,180,3071
2565,2024-04-16 20:00:00,712,1627
2566,2024-04-16 21:00:00,503,222
2567,2024-04-16 22:00:00,203,3819
2568,2024-04-16 23:00:00,573,1536
2569,2024-04-17 00:00:00,192,1262
2570,2024-04-17 01:00:00,5,3400
2571,2024-04-17 02:00:00,890,3445
2572,2024-04-17 03:00:00,237,2586
2573,2024-04-17 04:00:00,693,661
2574,2024-04-17 05:00:00,311,4081
2575,2024-04-17 06:00:00,549,1837
2576,2024-04-17 07:00:00,56,1004
2577,2024-04-17 08:00:00,443,3654
2578,2024-04-17 09:00:00,237,4590
2579,2024-04-17 10:00:00,870,1826
2580,2024-04-17 11:00:00,861,3023
2581,2024-04-17 12:00:00,197,3631
2582,2024-04-17 13:00:00,585,4006
2583,2024-04-17 14:00:00,571,1034
2584,2024-04-17 15:00:00,752,174
2585,2024-04-17 16:00:00,514,394
2586,2024-04-17 17:00:00,449,120
2587,2024-04-17 18:00:00,360,3342
2588,2024-04-17 19:00:00,700,1138
2589,2024-04-17 20:00:00,819,4755
2590,2024-04-17 21:00:00,30,1209
2591,2024-04-17 22:00:00,779,3871
2592,2024-04-17 23:00:00,988,471
2593,2024-04-18 00:00:00,108,1274
2594,2024-04-18 01:00:00,844,1264
2595,2024-04-18 02:00:00,935,1192
2596,2024-04-18 03:00:00,602,1383
2597,2024-04-18 04:00:00,717,2111
2598,2024-04-18 05:00:00,891,945
2599,2024-04-18 06:00:00,968,2091
2600,2024-04-18 07:00:00,959,620
2601,2024-04-18 08:00:00,960,4566
2602,2024-04-18 09:00:00,445,4296
2603,2024-04-18 10:00:00,893,4856
2604,2024-04-18 11:00:00,438,342
2605,2024-04-18 12:00:00,732,2900
2606,2024-04-18 13:00:00,890,4707
2607,2024-04-18 14:00:00,606,2996
2608,2024-04-18 15:00:00,457,2702
2609,2024-04-18 16:00:00,615,2373
2610,2024-04-18 17:00:00,735,1641
2611,2024-04-18 18:00:00,698,2865
2612,2024-04-18 19:00:00,981,2214
2613,2024-04-18 20:00:00,696,4591
2614,2024-04-18 21:00:00,495,4807
2615,2024-04-18 22:00:00,674,3183
2616,2024-04-18 23:00:00,247,1957
2617,2024-04-19 00:00:00,543,869
2618,2024-04-19 01:00:00,564,1522
2619,2024-04-19 02:00:00,857,506
2620,2024-04-19 03:00:00,588,3072
2621,2024-04-19 04:00:00,897,1972
2622,2024-04-19 05:00:00,439,2794
2623,2024-04-19 06:00:00,278,2369
2624,2024-04-19 07:00:00,552,4849
2625,2024-04-19 08:00:00,613,1281
2626,2024-04-19 09:00:00,111,1539
2627,2024-04-19 10:00:00,385,3153
2628,2024-04-19 11:00:00,833,3433
2629,2024-04-19 12:00:00,761,2997
2630,2024-04-19 13:00:00,191,3003
2631,2024-04-19 14:00:00,490,328
2632,2024-04-19 15:00:00,694,4059
2633,2024-04-19 16:00:00,426,1993
2634,2024-04-19 17:00:00,405,1413
2635,2024-04-19 18:00:00,335,1170
2636,2024-04-19 19:00:00,209,1074
2637,2024-04-19 20:00:00,22,1838
2638,2024-04-19 21:00:00,678,3385
2639,2024-04-19 22:00:00,611,857
2640,2024-04-19 23:00:00,208,3195
2641,2024-04-20 00:00:00,8,420
2642,2024-04-20 01:00:00,702,2421
2643,2024-04-20 02:00:00,687,655
2644,2024-04-20 03:00:00,785,1486
2645,2024-04-20 04:00:00,529,4863
2646,2024-04-20 05:00:00,602,3147
2647,2024-04-20 06:00:00,653,2527
2648,2024-04-20 07:00:00,657,2104
2649,2024-04-20 08:00:00,166,2030
2650,2024-04-20 09:00:00,849,4941
2651,2024-04-20 10:00:00,496,4870
2652,2024-04-20 11:00:00,590,2263
2653,2024-04-20 12:00:00,429,3967
2654,2024-04-20 13:00:00,774,2526
2655,2024-04-20 14:00:00,163,3893
2656,2024-04-20 15:00:00,366,2613
2657,2024-04-20 16:00:00,526,3903
2658,2024-04-20 17:00:00,239,2427
2659,2024-04-20 18:00:00,72,717
2660,2024-04-20 19:00:00,445,2265
2661,2024-04-20 20:00:00,655,3408
2662,2024-04-20 21:00:00,822,1092
2663,2024-04-20 22:00:00,509,1477
2664,2024-04-20 23:00:00,795,4481
2665,2024-04-21 00:00:00,269,3274
2666,2024-04-21 01:00:00,753,4882
2667,2024-04-21 02:00:00,415,1405
2668,2024-04-21 03:00:00,245,4933
2669,2024-04-21 04:00:00,675,3178
2670,2024-04-21 05:00:00,60,2786
2671,2024-04-21 06:00:00,6,3083
2672,2024-04-21 07:00:00,709,2623
2673,2024-04-21 08:00:00,982,3682
2674,2024-04-21 09:00:00,570,1585
2675,2024-04-21 10:00:00,817,2200
2676,2024-04-21 11:00:00,407,4681
2677,2024-04-21 12:00:00,217,3815
2678,2024-04-21 13:00:00,930,2101
2679,2024-04-21 14:00:00,26,1487
2680,2024-04-21 15:00:00,815,3283
2681,2024-04-21 16:00:00,5,1130
2682,2024-04-21 17:00:00,986,1865
2683,2024-04-21 18:00:00,532,4863
2684,2024-04-21 19:00:00,390,1320
2685,2024-04-21 20:00:00,710,3906
2686,2024-04-21 21:00:00,571,2514
2687,2024-04-21 22:00:00,448,4445
2688,2024-04-21 23:00:00,754,1718
2689,2024-04-22 00:00:00,146,1363
2690,2024-04-22 01:00:00,388,971
2691,2024-04-22 02:00:00,785,934
2692,2024-04-22 03:00:00,249,2922
2693,2024-04-22 04:00:00,526,1018
2694,2024-04-22 05:00:00,462,1824
2695,2024-04-22 06:00:00,13,2513
2696,2024-04-22 07:00:00,903,1413
2697,2024-04-22 08:00:00,384,4598
2698,2024-04-22 09:00:00,556,2205
2699,2024-04-22 10:00:00,887,2668
2700,2024-04-22 11:00:00,399,1238
2701,2024-04-22 12:00:00,19,309
2702,2024-04-22 13:00:00,575,1164
2703,2024-04-22 14:00:00,491,2320
2704,2024-04-22 15:00:00,751,333
2705,2024-04-22 16:00:00,419,892
2706,2024-04-22 17:00:00,337,3210
2707,2024-04-22 18:00:00,419,2266
2708,2024-04-22 19:00:00,915,434
2709,2024-04-22 20:00:00,916,1459
2710,2024-04-22 21:00:00,612,1314
2711,2024-04-22 22:00:00,675,4519
2712,2024-04-22 23:00:00,928,383
2713,2024-04-23 00:00:00,122,312
2714,2024-04-23 01:00:00,432,1758
2715,2024-04-23 02:00:00,44,4178
2716,2024-04-23 03:00:00,872,4947
2717,2024-04-23 04:00:00,920,1517
2718,2024-04-23 05:00:00,317,2486
2719,2024-04-23 06:00:00,381,1894
2720,2024-04-23 07:00:00,145,204
2721,2024-04-23 08:00:00,327,4965
2722,2024-04-23 09:00:00,363,3993
2723,2024-04-23 10:00:00,50,3945
2724,2024-04-23 11:00:00,65,3790
2725,2024-04-23 12:00:00,355,3392
2726,2024-04-23 13:00:00,800,478
2727,2024-04-23 14:00:00,164,3393
2728,2024-04-23 15:00:00,141,3429
2729,2024-04-23 16:00:00,966,4908
2730,2024-04-23 17:00:00,826,3538
2731,2024-04-23 18:00:00,128,324
2732,2024-04-23 19:00:00,398,837
2733,2024-04-23 20:00:00,933,335
2734,2024-04-23 21:00:00,880,4378
2735,2024-04-23 22:00:00,463,811
2736,2024-04-23 23:00:00,751,1988
2737,2024-04-24 00:00:00,836,4818
2738,2024-04-24 01:00:00,808,1359
2739,2024-04-24 02:00:00,187,848
2740,2024-04-24 03:00:00,720,4086
2741,2024-04-24 04:00:00,732,3651
2742,2024-04-24 05:00:00,912,609
2743,2024-04-24 06:00:00,190,1923
2744,2024-04-24 07:00:00,388,4980
2745,2024-04-24 08:00:00,429,3041
2746,2024-04-24 09:00:00,858,4332
2747,2024-04-24 10:00:00,284,2234
2748,2024-04-24 11:00:00,864,1877
2749,2024-04-24 12:00:00,237,1322
2750,2024-04-24 13:00:00,194,3767
2751,2024-04-24 14:00:00,287,1877
2752,2024-04-24 15:00:00,771,1404
2753,2024-04-24 16:00:00,758,4959
2754,2024-04-24 17:00:00,136,801
2755,2024-04-24 18:00:00,792,3089
2756,2024-04-24 19:00:00,783,251
2757,2024-04-24 20:00:00,171,1425
2758,2024-04-24 21:00:00,159,1401
2759,2024-04-24 22:00:00,201,3822
2760,2024-04-24 23:00:00,487,1811
2761,2024-04-25 00:00:00,557,906
2762,2024-04-25 01:00:00,962,4430
2763,2024-04-25 02:00:00,776,2822
2764,2024-04-25 03:00:00,583,4756
2765,2024-04-25 04:00:00,504,1425
2766,2024-04-25 05:00:00,876,4233
2767,2024-04-25 06:00:00,371,1259
2768,2024-04-25 07:00:00,103,2969
2769,2024-04-25 08:00:00,125,4616
2770,2024-04-25 09:00:00,313,1342
2771,2024-04-25 10:00:00,976,447
2772,2024-04-25 11:00:00,995,1931
2773,2024-04-25 12:00:00,798,1669
2774,2024-04-25 13:00:00,458,4035
2775,2024-04-25 14:00:00,230,2018
2776,2024-04-25 15:00:00,658,3332
2777,2024-04-25 16:00:00,882,3858
2778,2024-04-25 17:00:00,197,2455
2779,2024-04-25 18:00:00,885,1497
2780,2024-04-25 19:00:00,733,2880
2781,2024-04-25 20:00:00,423,1924
2782,2024-04-25 21:00:00,572,2591
2783,2024-04-25 22:00:00,610,4160
2784,2024-04-25 23:00:00,171,504
2785,2024-04-26 00:00:00,382,1821
2786,2024-04-26 01:00:00,173,2925
2787,2024-04-26 02:00:00,663,3945
2788,2024-04-26 03:00:00,453,4310
2789,2024-04-26 04:00:00,350,3292
2790,2024-04-26 05:00:00,902,164
2791,2024-04-26 06:00:00,952,1399
2792,2024-04-26 07:00:00,634,1515
2793,2024-04-26 08:00:00,494,3693
2794,2024-04-26 09:00:00,620,1068
2795,2024-04-26 10:00:00,4,468
2796,2024-04-26 11:00:00,93,332
2797,2024-04-26 12:00:00,919,2342
2798,2024-04-26 13:00:00,6,3183
2799,2024-04-26 14:00:00,288,1020
2800,2024-04-26 15:00:00,618,788
2801,2024-04-26 16:00:00,146,4372
2802,2024-04-26 17:00:00,783,1569
2803,2024-04-26 18:00:00,424,4825
2804,2024-04-26 19:00:00,890,4359
2805,2024-04-26 20:00:00,608,3722
2806,2024-04-26 21:00:00,457,2200
2807,2024-04-26 22:00:00,741,2365
2808,2024-04-26 23:00:00,202,3889
2809,2024-04-27 00:00:00,212,923
2810,2024-04-27 01:00:00,6,3531
2811,2024-04-27 02:00:00,624,4251
2812,2024-04-27 03:00:00,376,4313
2813,2024-04-27 04:00:00,891,897
2814,2024-04-27 05:00:00,447,879
2815,2024-04-27 06:00:00,835,2950
2816,2024-04-27 07:00:00,106,2992
2817,2024-04-27 08:00:00,651,1993
2818,2024-04-27 09:00:00,811,3406
2819,2024-04-27 10:00:00,401,3002
2820,2024-04-27 11:00:00,96,4903
2821,2024-04-27 12:00:00,388,3818
2822,2024-04-27 13:00:00,959,121
2823,2024-04-27 14:00:00,452,1600
2824,2024-04-27 15:00:00,849,942
2825,2024-04-27 16:00:00,809,1860
2826,2024-04-27 17:00:00,979,3741
2827,2024-04-27 18:00:00,901,291
2828,2024-04-27 19:00:00,416,495
2829,2024-04-27 20:00:00,726,4762
2830,2024-04-27 21:00:00,504,4426
2831,2024-04-27 22:00:00,454,973
2832,2024-04-27 23:00:00,291,2721
2833,2024-04-28 00:00:00,534,4435
2834,2024-04-28 01:00:00,193,189
2835,2024-04-28 02:00:00,980,2379
2836,2024-04-28 03:00:00,150,556
2837,2024-04-28 04:00:00,880,2380
2838,2024-04-28 05:00:00,759,4549
2839,2024-04-28 06:00:00,779,1104
2840,2024-04-28 07:00:00,973,4634
2841,2024-04-28 08:00:00,763,444
2842,2024-04-28 09:00:00,515,2811
2843,2024-04-28 10:00:00,393,4852
2844,2024-04-28 11:00:00,316,2562
2845,2024-04-28 12:00:00,76,1216
2846,2024-04-28 13:00:00,599,725
2847,2024-04-28 14:00:00,270,4479
2848,2024-04-28 15:00:00,225,2079
2849,2024-04-28 16:00:00,530,4094
2850,2024-04-28 17:00:00,113,1778
2851,2024-04-28 18:00:00,251,322
2852,2024-04-28 19:00:00,233,843
2853,2024-04-28 20:00:00,841,562
2854,2024-04-28 21:00:00,791,1668
2855,2024-04-28 22:00:00,714,3447
2856,2024-04-28 23:00:00,83,1836
2857,2024-04-29 00:00:00,125,4139
2858,2024-04-29 01:00:00,175,4051
2859,2024-04-29 02:00:00,69,764
2860,2024-04-29 03:00:00,47,1456
2861,2024-04-29 04:00:00,884,1114
2862,2024-04-29 05:00:00,256,2232
2863,2024-04-29 06:00:00,727,2768
2864,2024-04-29 07:00:00,30,1154
2865,2024-04-29 08:00:00,281,1864
2866,2024-04-29 09:00:00,924,4558
2867,2024-04-29 10:00:00,994,2969
2868,2024-04-29 11:00:00,237,1512
2869,2024-04-29 12:00:00,248,767
2870,2024-04-29 13:00:00,368,3470
2871,2024-04-29 14:00:00,495,1494
2872,2024-04-29 15:00:00,25,198
2873,2024-04-29 16:00:00,586,4170
2874,2024-04-29 17:00:00,718,521
2875,2024-04-29 18:00:00,490,3750
2876,2024-04-29 19:00:00,494,4257
2877,2024-04-29 20:00:00,314,1232
2878,2024-04-29 21:00:00,606,1802
2879,2024-04-29 22:00:00,375,3720
2880,2024-04-29 23:00:00,639,3290
2881,2024-04-30 00:00:00,937,697
2882,2024-04-30 01:00:00,25,491
2883,2024-04-30 02:00:00,334,1175
2884,2024-04-30 03:00:00,355,2750
2885,2024-04-30 04:00:00,116,2484
2886,2024-04-30 05:00:00,48,909
2887,2024-04-30 06:00:00,738,3409
2888,2024-04-30 07:00:00,778,3838
2889,2024-04-30 08:00:00,99,1259
2890,2024-04-30 09:00:00,459,1631
2891,2024-04-30 10:00:00,523,2782
2892,2024-04-30 11:00:00,597,353
2893,2024-04-30 12:00:00,405,3648
2894,2024-04-30 13:00:00,214,3285
2895,2024-04-30 14:00:00,685,1331
2896,2024-04-30 15:00:00,903,2523
2897,2024-04-30 16:00:00,503,3675
2898,2024-04-30 17:00:00,721,4361
2899,2024-04-30 18:00:00,448,1673
2900,2024-04-30 19:00:00,894,3008
2901,2024-04-30 20:00:00,576,4812
2902,2024-04-30 21:00:00,258,1725
2903,2024-04-30 22:00:00,844,4098
2904,2024-04-30 23:00:00,121,3983
2905,2024-05-01 00:00:00,810,3615
2906,2024-05-01 01:00:00,978,3503
2907,2024-05-01 02:00:00,54,4698
2908,2024-05-01 03:00:00,331,4780
2909,2024-05-01 04:00:00,784,2058
2910,2024-05-01 05:00:00,241,4109
2911,2024-05-01 06:00:00,755,2835
2912,2024-05-01 07:00:00,530,4591
2913,2024-05-01 08:00:00,483,3274
2914,2024-05-01 09:00:00,187,501
2915,2024-05-01 10:00:00,858,1074
2916,2024-05-01 11:00:00,656,323
2917,2024-05-01 12:00:00,262,4713
2918,2024-05-01 13:00:00,953,335
2919,2024-05-01 14:00:00,364,3598
2920,2024-05-01 15:00:00,491,4311
2921,2024-05-01 16:00:00,431,3334
2922,2024-05-01 17:00:00,239,325
2923,2024-05-01 18:00:00,304,2377
2924,2024-05-01 19:00:00,298,4377
2925,2024-05-01 20:00:00,76,1441
2926,2024-05-01 21:00:00,700,4136
2927,2024-05-01 22:00:00,333,309
2928,2024-05-01 23:00:00,900,3827
2929,2024-05-02 00:00:00,999,4028
2930,2024-05-02 01:00:00,758,2903
2931,2024-05-02 02:00:00,642,1209
2932,2024-05-02 03:00:00,474,2126
2933,2024-05-02 04:00:00,827,493
2934,2024-05-02 05:00:00,923,943
2935,2024-05-02 06:00:00,283,1624
2936,2024-05-02 07:00:00,591,703
2937,2024-05-02 08:00:00,72,681
2938,2024-05-02 09:00:00,263,2039
2939,2024-05-02 10:00:00,703,232
2940,2024-05-02 11:00:00,879,2938
2941,2024-05-02 12:00:00,887,3485
2942,2024-05-02 13:00:00,942,3870
2943,2024-05-02 14:00:00,575,2368
2944,2024-05-02 15:00:00,1000,1075
2945,2024-05-02 16:00:00,892,1913
2946,2024-05-02 17:00:00,12,3363
2947,2024-05-02 18:00:00,141,1643
2948,2024-05-02 19:00:00,766,2935
2949,2024-05-02 20:00:00,555,2838
2950,2024-05-02 21:00:00,17,1457
2951,2024-05-02 22:00:00,63,4234
2952,2024-05-02 23:00:00,253,1416
2953,2024-05-03 00:00:00,465,261
2954,2024-05-03 01:00:00,376,2009
2955,2024-05-03 02:00:00,804,1227
2956,2024-05-03 03:00:00,981,3970
2957,2024-05-03 04:00:00,520,1758
2958,2024-05-03 05:00:00,837,3225
2959,2024-05-03 06:00:00,90,2063
2960,2024-05-03 07:00:00,720,2389
2961,2024-05-03 08:00:00,804,1066
2962,2024-05-03 09:00:00,796,989
2963,2024-05-03 10:00:00,630,3161
2964,2024-05-03 11:00:00,861,3729
2965,2024-05-03 12:00:00,175,3289
2966,2024-05-03 13:00:00,76,2848
2967,2024-05-03 14:00:00,613,1766
2968,2024-05-03 15:00:00,926,3166
2969,2024-05-03 16:00:00,663,1541
2970,2024-05-03 17:00:00,400,1167
2971,2024-05-03 18:00:00,782,4323
2972,2024-05-03 19:00:00,970,3023
2973,2024-05-03 20:00:00,71,4353
2974,2024-05-03 21:00:00,180,3956
2975,2024-05-03 22:00:00,124,926
2976,2024-05-03 23:00:00,381,4707
2977,2024-05-04 00:00:00,293,4085
2978,2024-05-04 01:00:00,797,2192
2979,2024-05-04 02:00:00,195,3279
2980,2024-05-04 03:00:00,911,4638
2981,2024-05-04 04:00:00,228,4001
2982,2024-05-04 05:00:00,431,2462
2983,2024-05-04 06:00:00,942,2324
2984,2024-05-04 07:00:00,436,1826
2985,2024-05-04 08:00:00,787,2106
2986,2024-05-04 09:00:00,461,366
2987,2024-05-04 10:00:00,618,937
2988,2024-05-04 11:00:00,21,4684
2989,2024-05-04 12:00:00,64,4897
2990,2024-05-04 13:00:00,165,786
2991,2024-05-04 14:00:00,27,3461
2992,2024-05-04 15:00:00,311,456
2993,2024-05-04 16:00:00,285,3915
2994,2024-05-04 17:00:00,660,971
2995,2024-05-04 18:00:00,281,2073
2996,2024-05-04 19:00:00,838,4747
2997,2024-05-04 20:00:00,831,1910
2998,2024-05-04 21:00:00,164,4518
2999,2024-05-04 22:00:00,898,2741
3000,2024-05-04 23:00:00,918,2328
